"","text","conversation_id","reply_settings","created_at.x","possibly_sensitive","id","in_reply_to_user_id","author_id","lang","profile_image_url","description","name","username","created_at.y","protected","verified","location","pinned_tweet_id","public_metrics.x_retweet_count","public_metrics.x_reply_count","public_metrics.x_like_count","public_metrics.x_quote_count","public_metrics.x_impression_count","geo_place_id","public_metrics.y_followers_count","public_metrics.y_following_count","public_metrics.y_tweet_count","public_metrics.y_listed_count","url","text_with_display_links","reply.to.thread.no.term"
"1","@AnthonyClose @TB_Times Surely there was county coverage of the Mar 14 reclaimed leak that sent 30,000g into the intercoastal? Or on Feb 23 when 20,000g of raw sewage was released into Belleair Creek? Or the Feb 9 wastewater release into Gulf? Or the raw sewage into a Largo storm drain on Feb 11? No?. ","1002386850978451462","everyone",2018-06-01 15:28:01,FALSE,"1002572481440419841","39611390","241599125","en","https://pbs.twimg.com/profile_images/1621296607600807936/8IImTgfC_normal.jpg","Livin' in the Sunshine ‚òÄÔ∏è Dad to CaseyüßíüèΩ Survived 20 yrs. in politics & government üèõÔ∏è Now in development üèóÔ∏è","Kevin King","KevCKing","2011-01-22T17:24:52.000Z",FALSE,FALSE,"St. Petersburg, FL",NA,0,1,1,0,0,NA,748,603,7473,23,"https://t.co/yDsPEuZLzu","@AnthonyClose @TB_Times Surely there was county coverage of the Mar 14 reclaimed leak that sent 30,000g into the intercoastal? Or on Feb 23 when 20,000g of raw sewage was released into Belleair Creek? Or the Feb 9 wastewater release into Gulf? Or the raw sewage into a Largo storm drain on Feb 11? No?",FALSE
"2","Love Pinellas County but the water there is not safe to swim in they dump loads of sewage in the Bay and ocean and complain when Red Tide comes around... ","1027327543400120320","everyone",2018-08-08 22:55:47,FALSE,"1027327543400120320",NA,"283777341","en","https://pbs.twimg.com/profile_images/1597750975053406209/jTFLP5B-_normal.jpg","Storm chaser/Sun chaser","Daniel Pollard","Stormboat","2011-04-18T00:52:15.000Z",FALSE,FALSE,"Florida/Levy County Florida","1233860928753557504",0,0,0,0,0,NA,379,646,12870,11,NA,"Love Pinellas County but the water there is not safe to swim in they dump loads of sewage in the Bay and ocean and complain when Red Tide comes around..",FALSE
"3","Fish kills suggest red tide resurgence at some Pinellas Co. beaches  people have to stop with all the massive amounts of lawn care products before this is going to stop south tampa is a major problem plus st pete sewer spills. https   www fox13news com news local news fish kills suggest red tide resurgence at some pinellas co beaches","1050547789288091648","everyone",2018-10-12 00:44:45,FALSE,"1050547789288091648",NA,"953645424598044672","en","https://pbs.twimg.com/profile_images/1391112220495552513/4-IqLzaF_normal.jpg","hired turning wrenches","Rmullins","Rmullins8","2018-01-17T15:09:21.000Z",FALSE,FALSE,"Plant City, FL",NA,0,0,0,0,0,NA,58,56,6076,1,NA,"Fish kills suggest red tide resurgence at some Pinellas Co. beaches https://t.co/GjK0DApp4h people have to stop with all the massive amounts of lawn care products before this is going to stop south tampa is a major problem plus st pete sewer spills",FALSE
"4","@WaterWarriorOne Pinellas county confirms it‚Äôs red tide in Boca Ciega Bay. They say they have had no reports of sewage spills. . https   twitter com NicoleSGrigg status 1059867554515206144","1060229868783308800","everyone",2018-11-07 17:57:53,FALSE,"1060229868783308800","2836941396","17068891","en","https://pbs.twimg.com/profile_images/1499812621926629376/iMGug7d-_normal.jpg","Emmy award üèÜ winning reporter for @abc15 üì∫ AZ native üåµMama x üßíüèΩüßíüèΩüëßüèΩ ASU Cronkite grad ‚òÄÔ∏è üëø Previous stations üé§ MT:OH:FL:AZ","Nicole Grigg","NicoleSGrigg","2008-10-30T16:49:12.000Z",FALSE,TRUE,"Phoenix, AZ","1415781161469579268",0,0,0,1,0,NA,15939,2398,24307,266,NA,"@WaterWarriorOne Pinellas county confirms it‚Äôs red tide in Boca Ciega Bay. They say they have had no reports of sewage spills. https://t.co/hyMVOUHzL5",FALSE
"5","In the past three years, more than 1 billion gallons (3.8 billion liters) of #wastewater has been dumped in the Tampa - St Pete - Clearwater area, and much of it made it into Tampa Bay  #tampa #stpete #clearwater #sewage. https   wusfnews wusf usf edu environment 2018 12 25 report 3 florida cities responsible for wastewater spills","1099821394425270272","everyone",2019-02-25 00:00:28,FALSE,"1099821394425270272",NA,"1088196428961406976","en","https://pbs.twimg.com/profile_images/1088562451866501120/isA81Jbq_normal.jpg","Promoting the need for #sewage and #wastewater #infrastructure upgrades and repairs, #ethical treatment of wastewater, and protection of our nation's waters","American Water Security Project","awsproject","2019-01-23T22:07:01.000Z",FALSE,FALSE,NA,NA,1,0,2,0,0,NA,92,95,1368,1,"https://t.co/AR8sz1dyFZ","In the past three years, more than 1 billion gallons (3.8 billion liters) of #wastewater has been dumped in the Tampa - St Pete - Clearwater area, and much of it made it into Tampa Bay https://t.co/DkEkBwTDuR #tampa #stpete #clearwater #sewage",FALSE
"6","RT @awsproject: In the past three years, more than 1 billion gallons (3.8 billion liters) of #wastewater has been dumped in the Tampa - St Pete - Clearwater area, and much of it made it into Tampa Bay  #tampa #stpete #clearwater #sewage. https   wusfnews wusf usf edu environment 2018 12 25 report 3 florida cities responsible for wastewater spills","1099835071115288576","everyone",2019-02-25 00:54:49,FALSE,"1099835071115288576",NA,"121962605","en","https://pbs.twimg.com/profile_images/1279257856450211840/qdYT02PU_normal.jpg","Single father of 3: Human #resister #impeachtrump #republicanforbiden (Tomorrow there will be more of us) #publiclands and #oceans advocate","Texan for the Resistance","BrandonShuler","2010-03-11T04:43:24.000Z",FALSE,FALSE,"St. Petersburg, Florida",NA,1,0,0,0,0,NA,662,783,10053,21,NA,"RT @awsproject: In the past three years, more than 1 billion gallons (3.8 billion liters) of #wastewater has been dumped in the Tampa - St Pete - Clearwater area, and much of it made it into Tampa Bay https://t.co/DkEkBwTDuR #tampa #stpete #clearwater #sewage",FALSE
"7","Residents are invited to hear Pinellas County's action plan to prevent wastewater treatment facilities from overflowing into waterways. . https   patch com florida pinellasbeaches could 2019 hurricane season dump more sewage tampa bay","1131286067968139264","everyone",2019-05-22 19:49:51,FALSE,"1131286067968139264",NA,"163514851","en","https://pbs.twimg.com/profile_images/974301343379742720/SdlNZLWh_normal.jpg","Local news, alerts, events and more. We're your source for all things Pinellas.","Pinellas Patch","PinellasPatch","2010-07-06T16:24:18.000Z",FALSE,FALSE,"Pinellas Park, FL",NA,0,0,0,0,0,NA,370,71,10664,22,"https://t.co/MFlN6JYAKa","Residents are invited to hear Pinellas County's action plan to prevent wastewater treatment facilities from overflowing into waterways. https://t.co/F24e7LxR4t",FALSE
"8","It‚Äôd probably help a lot if Pinellas County stopped discharging sewage into the bay. #Florida #water 
. https   www cnn com 2019 07 01 health flesh eating florida woman trnd index html","1145975318571823104","everyone",2019-07-02 08:39:41,FALSE,"1145975318571823104",NA,"824126001936474113","en","https://pbs.twimg.com/profile_images/824692083180986368/ghs8RK-P_normal.jpg","Not official account of NOAA but close enough we can forecast them. Veteran Managed. Followed by White House COS. Blue Team. #fella @altnoaa@mastodon.green","altNOAA","altNOAA","2017-01-25T05:25:25.000Z",FALSE,FALSE,"Pale Blue Dot","1591698548793675777",10,1,29,1,0,NA,142209,500,101915,1662,"https://t.co/Hy0bwxPBwt","It‚Äôd probably help a lot if Pinellas County stopped discharging sewage into the bay. #Florida #water 
https://t.co/MJ3idIIW1s",FALSE
"9","RT @altNOAA: It‚Äôd probably help a lot if Pinellas County stopped discharging sewage into the bay. #Florida #water 
. https   www cnn com 2019 07 01 health flesh eating florida woman trnd index html","1145975636684443649","everyone",2019-07-02 08:40:57,FALSE,"1145975636684443649",NA,"275907720","en","https://pbs.twimg.com/profile_images/615338375680122880/h8w35tmy_normal.jpg","","Tari Thomason","tari1231","2011-04-02T07:27:45.000Z",FALSE,FALSE,"Phoenix, AZ",NA,10,0,0,0,0,NA,1997,3041,413453,40,NA,"RT @altNOAA: It‚Äôd probably help a lot if Pinellas County stopped discharging sewage into the bay. #Florida #water 
https://t.co/MJ3idIIW1s",FALSE
"10","RT @altNOAA: It‚Äôd probably help a lot if Pinellas County stopped discharging sewage into the bay. #Florida #water 
. https   www cnn com 2019 07 01 health flesh eating florida woman trnd index html","1145977018376343552","everyone",2019-07-02 08:46:27,FALSE,"1145977018376343552",NA,"1050582156689330177","en","https://pbs.twimg.com/profile_images/1330321113780527104/x2ZkRK7x_normal.jpg","Don‚Äôt run from the TRUTH! run to it! YOUR VOTE MATTERS, people died for it, don‚Äôt throw it away! Longer Tables Not Higher Walls","Christina - Slava Ukraini Democracys Front Line!","Christi92965066","2018-10-12T03:01:19.000Z",FALSE,FALSE,"Earth One over here! ",NA,10,0,0,0,0,NA,2065,4618,178565,4,NA,"RT @altNOAA: It‚Äôd probably help a lot if Pinellas County stopped discharging sewage into the bay. #Florida #water 
https://t.co/MJ3idIIW1s",FALSE
"11","RT @altNOAA: It‚Äôd probably help a lot if Pinellas County stopped discharging sewage into the bay. #Florida #water 
. https   www cnn com 2019 07 01 health flesh eating florida woman trnd index html","1145977030443450369","everyone",2019-07-02 08:46:29,FALSE,"1145977030443450369",NA,"745919108470931458","en","https://pbs.twimg.com/profile_images/1406343816177766402/pI8mDu_b_normal.jpg","auto correct hates me so excuse the typos","Hallelujah our new President is Joe Biden","itisdemocracy","2016-06-23T09:59:08.000Z",FALSE,FALSE,NA,NA,10,0,0,0,0,NA,699,4758,11345,33,NA,"RT @altNOAA: It‚Äôd probably help a lot if Pinellas County stopped discharging sewage into the bay. #Florida #water 
https://t.co/MJ3idIIW1s",FALSE
"12","RT @altNOAA: It‚Äôd probably help a lot if Pinellas County stopped discharging sewage into the bay. #Florida #water 
. https   www cnn com 2019 07 01 health flesh eating florida woman trnd index html","1145977421390372864","everyone",2019-07-02 08:48:03,FALSE,"1145977421390372864",NA,"763537721684070402","en","https://pbs.twimg.com/profile_images/869609281783566338/8Po-Ujan_normal.jpg","","LizD","ejd922again","2016-08-11T00:49:13.000Z",FALSE,FALSE,"Mobile,al",NA,10,0,0,0,0,NA,496,634,79199,1,NA,"RT @altNOAA: It‚Äôd probably help a lot if Pinellas County stopped discharging sewage into the bay. #Florida #water 
https://t.co/MJ3idIIW1s",FALSE
"13","RT @altNOAA: It‚Äôd probably help a lot if Pinellas County stopped discharging sewage into the bay. #Florida #water 
. https   www cnn com 2019 07 01 health flesh eating florida woman trnd index html","1145978108929032192","everyone",2019-07-02 08:50:47,FALSE,"1145978108929032192",NA,"824421851040514053","en","https://pbs.twimg.com/profile_images/824423006550290436/i1Xrk1X5_normal.jpg","Follow to get automatic retweets from all the Rogue Alt Gov Twitter feeds in one place.","RogueAltGov","RogueAltGov","2017-01-26T01:01:01.000Z",FALSE,FALSE,"Washington, DC",NA,10,0,0,0,0,NA,1568,0,119680,30,NA,"RT @altNOAA: It‚Äôd probably help a lot if Pinellas County stopped discharging sewage into the bay. #Florida #water 
https://t.co/MJ3idIIW1s",FALSE
"14","@altNOAA Please cite the source for your comment.. ","1145975318571823104","everyone",2019-07-02 08:59:06,FALSE,"1145980203530956800","824126001936474113","863546048223916032","en","https://pbs.twimg.com/profile_images/1629542431959179264/rz1nprRm_normal.jpg","Observationist  watching world events & politics / üåª Standing with Ukraine & global democracy / Cynical optimist / Also @capricious@toad.social","S.","_capriciously","2017-05-14T00:06:36.000Z",FALSE,FALSE,NA,NA,0,1,0,0,0,NA,536,1137,14919,0,NA,"@altNOAA Please cite the source for your comment.",TRUE
"15","@susssli @altNOAA Googling Pinellas County raw sewage news will give you sources.. ","1145975318571823104","everyone",2019-07-02 09:14:59,FALSE,"1145984199985422337","863546048223916032","830561635492315136","en","https://pbs.twimg.com/profile_images/1355025403316989953/gEmCnWe7_normal.jpg","caregiver, retired teacher, peace seeker, Gen Xer, rescue cat herder

üêò@coconono@mstdn.party   üìÆhttps://t.co/rcf2HuCXrE

NO LISTS","30-50 feral catsüêà‚Äç‚¨õ","_coconono_","2017-02-11T23:38:19.000Z",FALSE,FALSE,"Western NC","1152999847764664320",0,1,0,0,0,NA,2596,2372,23160,3,NA,"@susssli @altNOAA Googling Pinellas County raw sewage news will give you sources.",TRUE
"16","RT @altNOAA: It‚Äôd probably help a lot if Pinellas County stopped discharging sewage into the bay. #Florida #water 
. https   www cnn com 2019 07 01 health flesh eating florida woman trnd index html","1146012926022758405","everyone",2019-07-02 11:09:08,FALSE,"1146012926022758405",NA,"929170402391113728","en","https://abs.twimg.com/sticky/default_profile_images/default_profile_normal.png","","Patrick crago","CragoPatrick","2017-11-11T02:14:21.000Z",FALSE,FALSE,NA,NA,10,0,0,0,0,NA,31,149,5783,0,NA,"RT @altNOAA: It‚Äôd probably help a lot if Pinellas County stopped discharging sewage into the bay. #Florida #water 
https://t.co/MJ3idIIW1s",FALSE
"17","RT @altNOAA: It‚Äôd probably help a lot if Pinellas County stopped discharging sewage into the bay. #Florida #water 
. https   www cnn com 2019 07 01 health flesh eating florida woman trnd index html","1146050362035658752","everyone",2019-07-02 13:37:53,FALSE,"1146050362035658752",NA,"353468297","en","https://pbs.twimg.com/profile_images/639295861730746368/NgkvG6lG_normal.jpg","I asked scholars & philosophers, He was beyond their understanding. I looked into my heart & it was there He dwelled. He was nowhere else to be found.","Bob Cornish","BobCornish","2011-08-12T03:37:08.000Z",FALSE,FALSE,"3rd planet from the star Sol","618232958932099072",10,0,0,0,0,NA,74,164,103497,5,NA,"RT @altNOAA: It‚Äôd probably help a lot if Pinellas County stopped discharging sewage into the bay. #Florida #water 
https://t.co/MJ3idIIW1s",FALSE
"18","RT @altNOAA: It‚Äôd probably help a lot if Pinellas County stopped discharging sewage into the bay. #Florida #water 
. https   www cnn com 2019 07 01 health flesh eating florida woman trnd index html","1146066586333093889","everyone",2019-07-02 14:42:21,FALSE,"1146066586333093889",NA,"2391614580","en","https://pbs.twimg.com/profile_images/1162131053374390272/oLfGYPt4_normal.jpg","She/Her: Mostly Supernatural but moving onto Dr Who & other genre TV. Democracy won over facism but it‚Äôs a close race to keep it! still lots of pet videos tho.","givemepie","givemepie360","2014-03-15T21:05:35.000Z",FALSE,FALSE,NA,NA,10,0,0,0,0,NA,1778,612,1141855,290,NA,"RT @altNOAA: It‚Äôd probably help a lot if Pinellas County stopped discharging sewage into the bay. #Florida #water 
https://t.co/MJ3idIIW1s",FALSE
"19","RT @altNOAA: It‚Äôd probably help a lot if Pinellas County stopped discharging sewage into the bay. #Florida #water 
. https   www cnn com 2019 07 01 health flesh eating florida woman trnd index html","1146124811132760064","everyone",2019-07-02 18:33:43,FALSE,"1146124811132760064",NA,"105051697","en","https://pbs.twimg.com/profile_images/1225521031697190912/5tzPxTMt_normal.jpg","Retired Department of Defense civilian employee. US Army veteran. She/Her/Hers. proud Maine Coon Cat mom. No DMs please. @meevans59@mastodon.nz","Mikala #IAmNotOverJan6 üá∫üá∏ üá∫üá¶üåé","meevans59","2010-01-15T05:58:05.000Z",FALSE,FALSE,"Mililani Town, HI",NA,10,0,0,0,0,NA,3449,4509,169314,3,NA,"RT @altNOAA: It‚Äôd probably help a lot if Pinellas County stopped discharging sewage into the bay. #Florida #water 
https://t.co/MJ3idIIW1s",FALSE
"20","@_coconono_ @altNOAA Why gaslight Pinellas County for this? There's no recent sewage issue. Seawater, especially warm Bay/Gulf water is far from sterile and proper wound care is critical. ""While anyone can get necrotizing fasciitis, it is rare."" . https   www cdc gov groupastrep diseases public necrotizing fasciitis html","1145975318571823104","everyone",2019-07-03 17:44:39,FALSE,"1146474848945942528","830561635492315136","863546048223916032","en","https://pbs.twimg.com/profile_images/1629542431959179264/rz1nprRm_normal.jpg","Observationist  watching world events & politics / üåª Standing with Ukraine & global democracy / Cynical optimist / Also @capricious@toad.social","S.","_capriciously","2017-05-14T00:06:36.000Z",FALSE,FALSE,NA,NA,0,0,0,0,0,NA,536,1137,14919,0,NA,"@_coconono_ @altNOAA Why gaslight Pinellas County for this? There's no recent sewage issue. Seawater, especially warm Bay/Gulf water is far from sterile and proper wound care is critical. ""While anyone can get necrotizing fasciitis, it is rare."" https://t.co/HUjKxrcNN1",TRUE
"21","RT @altNOAA: It‚Äôd probably help a lot if Pinellas County stopped discharging sewage into the bay. #Florida #water 
. https   www cnn com 2019 07 01 health flesh eating florida woman trnd index html","1146727192019255302","everyone",2019-07-04 10:27:22,FALSE,"1146727192019255302",NA,"1902671935","en","https://pbs.twimg.com/profile_images/1290002422178480128/Q0vHGhqn_normal.jpg","Techie by trade, recalcitrant by design, socially isolated, awed by the natural world.","dvd hnz","dvdhnz","2013-09-25T03:04:28.000Z",FALSE,FALSE,"central plains",NA,10,0,0,0,0,NA,140,167,10172,1,NA,"RT @altNOAA: It‚Äôd probably help a lot if Pinellas County stopped discharging sewage into the bay. #Florida #water 
https://t.co/MJ3idIIW1s",FALSE
"22","According to public records pulled from the Florida Department of Environmental Protection, four Tampa Bay counties ‚Äì including Hillsborough, Pinellas, Pasco (the worst offender in 2019) &amp; Manatee ‚Äì have dumped an estimated 389,000 gallons of sewage,. ","1161001416003117056","everyone",2019-08-12 19:48:02,FALSE,"1161001417546579968","1339550646","1339550646","en","https://pbs.twimg.com/profile_images/1401206949912449026/T0t9tRaX_normal.jpg","Independent voter seeking truth from objective credible journalists. Against those threatening democracy & advocating minority rule in this country.","Len White","lenwhitefl","2013-04-09T16:05:04.000Z",FALSE,FALSE,"Florida, USA",NA,0,1,0,0,0,NA,55,64,18620,2,NA,"According to public records pulled from the Florida Department of Environmental Protection, four Tampa Bay counties ‚Äì including Hillsborough, Pinellas, Pasco (the worst offender in 2019) &amp; Manatee ‚Äì have dumped an estimated 389,000 gallons of sewage,",FALSE
"23","I had to sit down to read the entire article. OMG.
According to public records pulled from the Florida Department of Environmental Protection, four Tampa Bay counties ‚Äì including Hillsborough, Pinellas, Pasco &amp; Manatee ‚Äì have dumped an estimated 389,000 gallons of sewage, . https   twitter com ClwtrBkAtty status 1161947429597523968","1161960425224884224","everyone",2019-08-15 11:18:48,FALSE,"1161960425224884224",NA,"947904812393418752","en","https://pbs.twimg.com/profile_images/1553696399925051392/XgZBxhrE_normal.jpg","Que s√ßay-je? I hold it to be an inalienable right of the woke to go to hell in their own way. Family Office/Lawyer/Harry's Caregiver/ LEGAL TRENDS 3 yrs@CBS.","Stare Decisis","MsResJudicata","2018-01-01T18:58:13.000Z",FALSE,FALSE,"Ile-de-France, France",NA,0,3,2,0,0,NA,5156,1954,132307,70,NA,"I had to sit down to read the entire article. OMG.
According to public records pulled from the Florida Department of Environmental Protection, four Tampa Bay counties ‚Äì including Hillsborough, Pinellas, Pasco &amp; Manatee ‚Äì have dumped an estimated 389,000 gallons of sewage, https://t.co/xwp4BI4ghn",FALSE
"24","of which 215,000 gallons were cleaned up, and 174,000 gallons were simply absorbed by the local environment.

For some perspective, last year these same four counties spilled a total of 59,560 gallons of sewage, and 39,596 gallons of that was lost.. ","1161960425224884224","everyone",2019-08-15 11:18:48,FALSE,"1161960427686957057","947904812393418752","947904812393418752","en","https://pbs.twimg.com/profile_images/1553696399925051392/XgZBxhrE_normal.jpg","Lawyer(multiple jurisdictions)/Family Office/Caregiver/
Legal Trends TV host 3 yrs@CBS. Author of the 'Who are you test.‚Äô","Stare Decisis","MsResJudicata","2018-01-01T18:58:13.000Z",FALSE,TRUE,"Ile-de-France, France",NA,0,1,1,0,0,NA,4940,2118,138849,73,NA,"of which 215,000 gallons were cleaned up, and 174,000 gallons were simply absorbed by the local environment.

For some perspective, last year these same four counties spilled a total of 59,560 gallons of sewage, and 39,596 gallons of that was lost.",TRUE
"25","also only show reported ""sewage"" spills to the FDEP, and not things like spilled wastewater, which is also very common and also very bad (ask St. Pete).. ","1161960425224884224","everyone",2019-08-15 11:18:49,FALSE,"1161960431205986305","947904812393418752","947904812393418752","en","https://pbs.twimg.com/profile_images/1553696399925051392/XgZBxhrE_normal.jpg","Lawyer(multiple jurisdictions)/Family Office/Caregiver/
Legal Trends TV host 3 yrs@CBS. Author of the 'Who are you test.‚Äô","Stare Decisis","MsResJudicata","2018-01-01T18:58:13.000Z",FALSE,TRUE,"Ile-de-France, France",NA,0,0,0,0,0,NA,4940,2118,138849,73,NA,"also only show reported ""sewage"" spills to the FDEP, and not things like spilled wastewater, which is also very common and also very bad (ask St. Pete).",TRUE
"26","These numbers come from a variety of sewage spills, which can occur in a number of ways ‚Äì  like malfunctioning lift stations, obstructed pipes, or aging infrastructure. It‚Äôs also important to note that these figures represent both public and private facilities, and. ","1161960425224884224","everyone",2019-08-15 11:18:49,FALSE,"1161960429448568834","947904812393418752","947904812393418752","en","https://pbs.twimg.com/profile_images/1553696399925051392/XgZBxhrE_normal.jpg","Lawyer(multiple jurisdictions)/Family Office/Caregiver/
Legal Trends TV host 3 yrs@CBS. Author of the 'Who are you test.‚Äô","Stare Decisis","MsResJudicata","2018-01-01T18:58:13.000Z",FALSE,TRUE,"Ile-de-France, France",NA,0,1,1,0,0,NA,4940,2118,138849,73,NA,"These numbers come from a variety of sewage spills, which can occur in a number of ways ‚Äì  like malfunctioning lift stations, obstructed pipes, or aging infrastructure. It‚Äôs also important to note that these figures represent both public and private facilities, and",TRUE
"27","@MsResJudicata That's alot of üí©. Somebody is gonna be in deep üí© for that, when the SHTF.. ","1161960425224884224","everyone",2019-08-15 12:13:37,FALSE,"1161974222756831232","947904812393418752","112026753","en","https://pbs.twimg.com/profile_images/889463561763799040/wFmuTzcY_normal.jpg","Don't you wish crisps/chips and sponge cakes remain at 4p/ 6c ?Bankers are stealing our labour and shrinking our cakes and crisps. Merci, Gilet Jaune, woken up.","Tango Oscar","Winging_Pom","2010-02-07T01:00:25.000Z",FALSE,FALSE,NA,NA,0,0,0,0,0,NA,170,728,13482,0,NA,"@MsResJudicata That's alot of üí©. Somebody is gonna be in deep üí© for that, when the SHTF.",TRUE
"28","@MsResJudicata I remember snorkeling off of the coast of Sicily in the 80s &amp; almost running head on into a floating log. For me, the Med was never the same after that as I stopped swimming. At 400K gallons, it‚Äôs only about 2,000 gallons a day which is a far less ominous number than ‚Äú400K.‚Äù. ","1161960425224884224","everyone",2019-08-15 14:49:47,FALSE,"1162013521292550144","947904812393418752","278903218","en","https://pbs.twimg.com/profile_images/1308257970/Imbecile_Nation_normal.jpg","I'm just sick of it all.  Please do not laugh.","Imbecile Nation","ImbecileNation","2011-04-08T05:56:03.000Z",FALSE,FALSE,"Amerika","1324180408041381890",0,0,1,0,0,NA,972,4895,16520,7,"http://t.co/bJBnklJqZ2","@MsResJudicata I remember snorkeling off of the coast of Sicily in the 80s &amp; almost running head on into a floating log. For me, the Med was never the same after that as I stopped swimming. At 400K gallons, it‚Äôs only about 2,000 gallons a day which is a far less ominous number than ‚Äú400K.‚Äù",TRUE
"29","Thank goodness, y‚Äôall. Our water crisis is over. Well done St. Pete. This is a major victory. I was worried some time and legislation would be put into the sewage dumping into the bay, but this, this is much better. . https   www fox13news com news pinellas county bans horseback riding near skyway bridge","1187102051542716416","everyone",2019-10-23 20:22:39,FALSE,"1187102051542716416",NA,"10892982","en","https://pbs.twimg.com/profile_images/747764734527676416/KMcOcuUb_normal.jpg","Conservationist. Floridian. Dad. Husband.  RT doesn‚Äôt equal endorsement.","travisthompson","travisthompson","2007-12-06T03:41:35.000Z",FALSE,FALSE,"Winter Haven, FL",NA,0,3,4,0,0,NA,5954,2200,5226,31,"https://t.co/HbW8SKTjB3","Thank goodness, y‚Äôall. Our water crisis is over. Well done St. Pete. This is a major victory. I was worried some time and legislation would be put into the sewage dumping into the bay, but this, this is much better. https://t.co/gx6E0dA1PX",FALSE
"30","@travisthompson Actually the bigger problem at that location is the wave runners and jet skis.  Clean that mess up as well and get that fishery back to where it once was.. ","1187102051542716416","everyone",2019-10-23 20:25:16,FALSE,"1187102713705881600","10892982","17356466","en","https://pbs.twimg.com/profile_images/950192464446541824/wbsGKdwq_normal.jpg","Sports Partisan | Political Moderate | USF '97 | TB Bucs ‚Ä¢ USF Bulls ‚Ä¢ TB Rays ‚Ä¢ TB Lightning | History Enthusiast","Chris","cferrera","2008-11-13T03:49:48.000Z",FALSE,FALSE,NA,NA,0,0,1,0,0,NA,446,862,32883,23,NA,"@travisthompson Actually the bigger problem at that location is the wave runners and jet skis.  Clean that mess up as well and get that fishery back to where it once was.",TRUE
"31","@travisthompson I am sensing sarcasm here :). ","1187102051542716416","everyone",2019-10-23 20:45:27,FALSE,"1187107789518311429","10892982","297525009","en","https://pbs.twimg.com/profile_images/378800000420317534/67f3a0636c55c566a6ae6a833ee57540_normal.jpeg","","Pete Prior","pkp911","2011-05-12T17:12:42.000Z",FALSE,FALSE,NA,NA,0,0,1,0,0,NA,113,102,706,3,"http://t.co/WmkEcFaqdl","@travisthompson I am sensing sarcasm here :)",TRUE
"32","@travisthompson Ridiculous.. ","1187102051542716416","everyone",2019-10-23 22:09:45,FALSE,"1187129007982153728","10892982","909302815","fr","https://pbs.twimg.com/profile_images/1221973122276040705/9ZcqpFwG_normal.jpg","","Brad Yunkari","BMYunk","2012-10-28T01:45:08.000Z",FALSE,FALSE,"Florida, USA",NA,0,0,1,0,0,NA,20,258,340,0,NA,"@travisthompson Ridiculous.",TRUE
"33","@realDonaldTrump Fake News ....

@GovRonDeSantis Is Not Doing Good Work When Beaches In Clearwater Florida Are Open Because @Scientology Owns And Controls Clearwater ....

What About The Raw Sewage Being Scooped Out Of The River In Fort Lauderdale ?

Want More ?. ","1239907845719691265","everyone",2020-03-17 13:44:40,FALSE,"1239910526089658369","25073877","23205264","en","https://pbs.twimg.com/profile_images/547402295978098690/SabSP2RS_normal.jpeg","All About .... #TheU #FinsUp #BBN #LakeShow #Dodgers #Hunting #Fishing #Cryptocurrency #Marijuana #Cannabis #Indica #Sativa #CBD #Florida üçí#CherriesStickyüçí","üçíBusted Cherriesüçí","BustedCherries","2009-03-07T16:06:12.000Z",FALSE,FALSE,"Mountain View, CA","1086352201319178240",0,1,0,0,0,"4ec01c9dbc693497",724,5001,21617,19,"https://t.co/Tmnipe9w2e","@realDonaldTrump Fake News ....

@GovRonDeSantis Is Not Doing Good Work When Beaches In Clearwater Florida Are Open Because @Scientology Owns And Controls Clearwater ....

What About The Raw Sewage Being Scooped Out Of The River In Fort Lauderdale ?

Want More ?",FALSE
"34","Born and raised in Pinellas County, I can think of a lot of better ways $92M could've been spent. Improve schools and teachers salaries, Gulfport dumping raw sewage in to the bay or maybe toward a new stadium, just a few off the top of my head. . https   twitter com TB_Times status 1280467261476700161","1280544819287334915","everyone",2020-07-07 16:50:50,FALSE,"1280544819287334915",NA,"144659696","en","https://pbs.twimg.com/profile_images/931415426617266177/kFSB5cei_normal.jpg","","‡∫≥","ChrisFischer07","2010-05-16T23:52:26.000Z",FALSE,TRUE,NA,NA,2,1,3,0,0,NA,3334,4097,32750,109,NA,"Born and raised in Pinellas County, I can think of a lot of better ways $92M could've been spent. Improve schools and teachers salaries, Gulfport dumping raw sewage in to the bay or maybe toward a new stadium, just a few off the top of my head. https://t.co/8MciTs4vEq",FALSE
"35","RT @ChrisFischer07: Born and raised in Pinellas County, I can think of a lot of better ways $92M could've been spent. Improve schools and teachers salaries, Gulfport dumping raw sewage in to the bay or maybe toward a new stadium, just a few off the top of my head. . https   twitter com TB_Times status 1280467261476700161","1280545800913854464","everyone",2020-07-07 16:54:44,FALSE,"1280545800913854464",NA,"382751530","en","https://pbs.twimg.com/profile_images/1272529411687026688/m4a2H5-w_normal.jpg","Eight One Three Sports
Bolts, Bucs, Rays, Sooners, Bulls, Magic Tampa, FL üìç","Ryan","ryantpa813","2011-09-30T16:31:24.000Z",FALSE,FALSE,"Tampa, FL",NA,2,0,0,0,0,NA,298,1925,12163,3,"https://t.co/o9GcetyAhV","RT @ChrisFischer07: Born and raised in Pinellas County, I can think of a lot of better ways $92M could've been spent. Improve schools and teachers salaries, Gulfport dumping raw sewage in to the bay or maybe toward a new stadium, just a few off the top of my head. https://t.co/8MciTs4vEq",FALSE
"36","RT @ChrisFischer07: Born and raised in Pinellas County, I can think of a lot of better ways $92M could've been spent. Improve schools and teachers salaries, Gulfport dumping raw sewage in to the bay or maybe toward a new stadium, just a few off the top of my head. . https   twitter com TB_Times status 1280467261476700161","1280550306682736640","everyone",2020-07-07 17:12:39,FALSE,"1280550306682736640",NA,"75339454","en","https://pbs.twimg.com/profile_images/430062717/4464_109745722672_580617672_2656355_1453694_n_normal.jpg","","DickWarlock","TueNiteRockStar","2009-09-18T17:44:55.000Z",FALSE,FALSE,"Boca Raton ",NA,2,0,0,0,0,NA,48,356,1847,0,NA,"RT @ChrisFischer07: Born and raised in Pinellas County, I can think of a lot of better ways $92M could've been spent. Improve schools and teachers salaries, Gulfport dumping raw sewage in to the bay or maybe toward a new stadium, just a few off the top of my head. https://t.co/8MciTs4vEq",FALSE
"37","@ChrisFischer07 and its ugly. i was born and raised in pinellas also. ","1280544819287334915","everyone",2020-07-09 03:20:25,FALSE,"1281065646818762752","144659696","955614284750446593","en","https://pbs.twimg.com/profile_images/1022532622440955909/rWh26jrz_normal.jpg","i tweet my opinions only. yes there are exceptions to every tweet.","dbg","purpletang99","2018-01-23T01:32:54.000Z",FALSE,FALSE,"mars","1112901434096455681",0,0,0,0,0,NA,23,100,3878,0,NA,"@ChrisFischer07 and its ugly. i was born and raised in pinellas also",TRUE
"38","The latest on sewage spills in Pinellas County: a lawsuit filed by environmental advocates against the city of Largo. They are particularly concerned with pollutants getting into Old Tampa Bay. . https   www tampabay com news environment 2020 08 19 water advocates file sewage spill lawsuit against city of largo","1296185347555164165","everyone",2020-08-19 20:40:43,FALSE,"1296185347555164165",NA,"213164823","en","https://pbs.twimg.com/profile_images/560772860545757185/UJ0f-WFA_normal.jpeg","Investigative reporter @TB_Times. zsampson@tampabay.com. On Signal: 813-534-0157. he/him.","Zack Sampson","ZackSampson","2010-11-08T04:18:07.000Z",FALSE,TRUE,"St. Petersburg, Fla.",NA,0,0,1,0,0,NA,3326,869,14759,153,"https://t.co/YleaqdcAN8","The latest on sewage spills in Pinellas County: a lawsuit filed by environmental advocates against the city of Largo. They are particularly concerned with pollutants getting into Old Tampa Bay. https://t.co/jl2vIZJvC5",FALSE
"39","@AllenLEllison @firefly909 Stop the dumping of millons of gallons of raw sewage into our waterways. Hillsborough, Pasco &amp; Pinellas repeat offenders. Don't want to see anymore beaches closed due to ""too much human waste."". ","1350271169283432448","everyone",2021-01-16 16:09:08,FALSE,"1350475182113239044","25919401","1299696411563511808","en","https://pbs.twimg.com/profile_images/1299698397985861636/G-u9LxlT_normal.jpg","Retired FamLaw. cancer survivor. Home invasion survivor. 
USAF medic '69-72. 
Alumni ECU, FSU & STCLaw. 
Democrat BLUE across the board. 
Hates liars & thieves.","Bobby Ray Hardballer","BHardballer","2020-08-29T13:12:38.000Z",FALSE,FALSE,"Florida Gulf Coast ","1339912474628415489",1,0,2,0,0,NA,1053,1785,4184,1,NA,"@AllenLEllison @firefly909 Stop the dumping of millons of gallons of raw sewage into our waterways. Hillsborough, Pasco &amp; Pinellas repeat offenders. Don't want to see anymore beaches closed due to ""too much human waste.""",FALSE
"40","RT @BHardballer: @AllenLEllison @firefly909 Stop the dumping of millons of gallons of raw sewage into our waterways. Hillsborough, Pasco &amp; Pinellas repeat offenders. Don't want to see anymore beaches closed due to ""too much human waste."". ","1350501951092363264","everyone",2021-01-16 17:55:30,FALSE,"1350501951092363264",NA,"241563938","en","https://pbs.twimg.com/profile_images/1608539273757855746/ePdRVFAj_normal.jpg","Unapologetic bleeding heart liberal. Hate liars, bigots, and thieves. I will always resist! NO DM‚Äôs üö´ #BLM #StopAsianHate @motherearth909 on Post","üíõKristi Kho","firefly909","2011-01-22T15:37:51.000Z",FALSE,FALSE,"United States",NA,1,0,0,0,0,NA,18157,19772,210384,15,NA,"RT @BHardballer: @AllenLEllison @firefly909 Stop the dumping of millons of gallons of raw sewage into our waterways. Hillsborough, Pasco &amp; Pinellas repeat offenders. Don't want to see anymore beaches closed due to ""too much human waste.""",FALSE
"41","@santiagomayer_ Um..yeah, didn't FL dump a bunch of sewage into the Gulf in like May? Big surprise eh?
. https   wusfnews wusf usf edu environment 2021 06 13 health alert issued in pinellas as red tide spreads north along coast","1411197882418536456","everyone",2021-07-04 03:13:41,FALSE,"1411523582274924547","4327127414","920112543078629376","en","https://pbs.twimg.com/profile_images/1598461288849412096/jrbUPaHm_normal.jpg","You can easily judge the character of a man by the way he treats those who can do nothing for him.","Kim Salsman","KimSalsman","2017-10-17T02:21:39.000Z",FALSE,FALSE,NA,NA,0,0,0,0,0,NA,1148,1093,32281,1,NA,"@santiagomayer_ Um..yeah, didn't FL dump a bunch of sewage into the Gulf in like May? Big surprise eh?
https://t.co/UNwD0nRtSm",FALSE
"42","Tampa Bay Area spewed 
üò£sewage 
üò£wastewater
üò£‚ÄúIndustrial reuse water‚Äù
 
Florida has an infrastructure crisis, #ClimateCrisis, and leadership problem. Welcome back from Texas Ron.

#BuildBackBetterFL 
give the GQP ""deregathons"" a pass.

#DemCastFL #ONEV1
 . https   www wfla com news pinellas county 13000 gallons of raw sewage discharged into smacks bayou in pinellas county. https   twitter com bruceritchie status 1417841385919680519","1417866029544390667","everyone",2021-07-21 15:16:18,FALSE,"1417866029544390667",NA,"1161269334188183553","en","https://pbs.twimg.com/profile_images/1161271342190268417/CXDmrVyj_normal.png","True Blue #OneV1 Z25 #DemCast #NDLB #FL26 blog@keysdems.com https://t.co/T98HbQK4Gd‚Ä¶ https://t.co/AroIFD6RqR
New! KeysDems@Masto.ai","FloridaKeysDems DemCastFL Lead ‚òÆÔ∏è OVFLüíî","DemsKeys","2019-08-13T13:32:39.000Z",FALSE,FALSE,"Key West, Florida","1592263868281393152",25,6,23,2,0,NA,9885,9555,64676,47,"https://t.co/mdvUNArmgu","Tampa Bay Area spewed 
üò£sewage 
üò£wastewater
üò£‚ÄúIndustrial reuse water‚Äù
 
Florida has an infrastructure crisis, #ClimateCrisis, and leadership problem. Welcome back from Texas Ron.

#BuildBackBetterFL 
give the GQP ""deregathons"" a pass.

#DemCastFL #ONEV1
https://t.co/idzykpgUXT https://t.co/7JPJvCkN0y",FALSE
"43","RT @DemsKeys: Tampa Bay Area spewed 
üò£sewage 
üò£wastewater
üò£‚ÄúIndustrial reuse water‚Äù
 
Florida has an infrastructure crisis, #ClimateCrisis, and leadership problem. Welcome back from Texas Ron.

#BuildBackBetterFL 
give the GQP ""deregathons"" a pass.

#DemCastFL #ONEV1
 . https   www wfla com news pinellas county 13000 gallons of raw sewage discharged into smacks bayou in pinellas county. https   twitter com bruceritchie status 1417841385919680519","1417866487549857799","everyone",2021-07-21 15:18:07,FALSE,"1417866487549857799",NA,"937146402291044352","en","https://pbs.twimg.com/profile_images/1562880090974916608/eF7veJLJ_normal.jpg","design/make garments, copper things & live with 2 black cats- 1 insists on being called mr tibbs. we're curious, not always well behaved, +practice fierce love","cutrightest","cutrightest","2017-12-03T02:28:08.000Z",FALSE,FALSE,"Florida, USA",NA,25,0,0,0,0,NA,249,414,17156,1,NA,"RT @DemsKeys: Tampa Bay Area spewed 
üò£sewage 
üò£wastewater
üò£‚ÄúIndustrial reuse water‚Äù
 
Florida has an infrastructure crisis, #ClimateCrisis, and leadership problem. Welcome back from Texas Ron.

#BuildBackBetterFL 
give the GQP ""deregathons"" a pass.

#DemCastFL #ONEV1
https://t.co/idzykpgUXT https://t.co/7JPJvCkN0y",FALSE
"44","RT @DemsKeys: Tampa Bay Area spewed 
üò£sewage 
üò£wastewater
üò£‚ÄúIndustrial reuse water‚Äù
 
Florida has an infrastructure crisis, #ClimateCrisis, and leadership problem. Welcome back from Texas Ron.

#BuildBackBetterFL 
give the GQP ""deregathons"" a pass.

#DemCastFL #ONEV1
 . https   www wfla com news pinellas county 13000 gallons of raw sewage discharged into smacks bayou in pinellas county. https   twitter com bruceritchie status 1417841385919680519","1417866536849641477","everyone",2021-07-21 15:18:19,FALSE,"1417866536849641477",NA,"2460279166","en","https://pbs.twimg.com/profile_images/1614694603596218368/aboapvqS_normal.png","Spreading light & truth. üí´ #TheNationalInspirer #MorningVibe #DemCast #WomensRightsAreHumanRights üíô I‚Äôm tizzywoman here, there, everywhere! üòé","Justice Seeker üóΩ ‚òÆÔ∏è ~ Keep moving forward","tizzywoman","2014-04-04T16:08:52.000Z",FALSE,FALSE,"somewhere in the woods","1434999208428331013",25,0,0,0,0,NA,47322,28920,135559,28,NA,"RT @DemsKeys: Tampa Bay Area spewed 
üò£sewage 
üò£wastewater
üò£‚ÄúIndustrial reuse water‚Äù
 
Florida has an infrastructure crisis, #ClimateCrisis, and leadership problem. Welcome back from Texas Ron.

#BuildBackBetterFL 
give the GQP ""deregathons"" a pass.

#DemCastFL #ONEV1
https://t.co/idzykpgUXT https://t.co/7JPJvCkN0y",FALSE
"45","@DemsKeys it amazes me how much of florida is on private septic system. no public sewer infrastructure. isnt this an environmental problem?. ","1417866029544390667","everyone",2021-07-21 15:19:24,FALSE,"1417866807780823041","1161269334188183553","937146402291044352","en","https://pbs.twimg.com/profile_images/1562880090974916608/eF7veJLJ_normal.jpg","design/make garments, copper things & live with 2 black cats- 1 insists on being called mr tibbs. we're curious, not always well behaved, +practice fierce love","cutrightest","cutrightest","2017-12-03T02:28:08.000Z",FALSE,FALSE,"Florida, USA",NA,0,2,3,0,0,NA,206,413,17206,1,NA,"@DemsKeys it amazes me how much of florida is on private septic system. no public sewer infrastructure. isnt this an environmental problem?",TRUE
"46","RT @DemsKeys: Tampa Bay Area spewed 
üò£sewage 
üò£wastewater
üò£‚ÄúIndustrial reuse water‚Äù
 
Florida has an infrastructure crisis, #ClimateCrisis, and leadership problem. Welcome back from Texas Ron.

#BuildBackBetterFL 
give the GQP ""deregathons"" a pass.

#DemCastFL #ONEV1
 . https   www wfla com news pinellas county 13000 gallons of raw sewage discharged into smacks bayou in pinellas county. https   twitter com bruceritchie status 1417841385919680519","1417867161641574411","everyone",2021-07-21 15:20:48,FALSE,"1417867161641574411",NA,"33590010","en","https://pbs.twimg.com/profile_images/1522210792363503617/yXGP2fic_normal.jpg","I am a Proud Biden Democrat! No DMs üåä üíî 
#DemVoice1","FloridaDem‚òÆÔ∏è","MarilouGeorge","2009-04-20T17:26:55.000Z",FALSE,FALSE,"Florida",NA,25,0,0,0,0,NA,12179,11503,212849,256,NA,"RT @DemsKeys: Tampa Bay Area spewed 
üò£sewage 
üò£wastewater
üò£‚ÄúIndustrial reuse water‚Äù
 
Florida has an infrastructure crisis, #ClimateCrisis, and leadership problem. Welcome back from Texas Ron.

#BuildBackBetterFL 
give the GQP ""deregathons"" a pass.

#DemCastFL #ONEV1
https://t.co/idzykpgUXT https://t.co/7JPJvCkN0y",FALSE
"47","@cutrightest Definitely; especially as there are no state inspections or laws to have them regularly pumped out.. ","1417866029544390667","everyone",2021-07-21 15:22:39,FALSE,"1417867627066712065","937146402291044352","1161269334188183553","en","https://pbs.twimg.com/profile_images/1161271342190268417/CXDmrVyj_normal.png","True Blue #OneV1 Z25 #DemCast #NDLB #FL26 blog@keysdems.com https://t.co/T98HbQK4Gd‚Ä¶ https://t.co/AroIFD6RqR
New! KeysDems@Masto.ai","FloridaKeysDems *Ô∏è‚É£ DemCastFL Lead ‚òÆÔ∏è OVFL","DemsKeys","2019-08-13T13:32:39.000Z",FALSE,FALSE,"Key West, Florida","1592263868281393152",0,1,1,0,0,NA,9986,9679,68393,46,"https://t.co/mdvUNArmgu","@cutrightest Definitely; especially as there are no state inspections or laws to have them regularly pumped out.",TRUE
"48","RT @DemsKeys: Tampa Bay Area spewed 
üò£sewage 
üò£wastewater
üò£‚ÄúIndustrial reuse water‚Äù
 
Florida has an infrastructure crisis, #ClimateCrisis, and leadership problem. Welcome back from Texas Ron.

#BuildBackBetterFL 
give the GQP ""deregathons"" a pass.

#DemCastFL #ONEV1
 . https   www wfla com news pinellas county 13000 gallons of raw sewage discharged into smacks bayou in pinellas county. https   twitter com bruceritchie status 1417841385919680519","1417868140529258501","everyone",2021-07-21 15:24:42,FALSE,"1417868140529258501",NA,"1122540879162617856","en","https://pbs.twimg.com/profile_images/1575945408664174648/PlWcK-Ah_normal.jpg","Liberal AF üö´Citizens United, I‚Äôm Antifa Pro-choice #JusticeMatters Fighting disinformation, #RadicalRacistReich women‚Äôs liberties should not be in courts üö´DMs","@Eileenvan55 üíî Eileen to the left üò∑","eileenvan55","2019-04-28T16:39:36.000Z",FALSE,FALSE,"Florida, USA","1371975661737418763",25,0,0,0,0,NA,14253,14184,124740,26,"https://t.co/x0DTbWYZ6q","RT @DemsKeys: Tampa Bay Area spewed 
üò£sewage 
üò£wastewater
üò£‚ÄúIndustrial reuse water‚Äù
 
Florida has an infrastructure crisis, #ClimateCrisis, and leadership problem. Welcome back from Texas Ron.

#BuildBackBetterFL 
give the GQP ""deregathons"" a pass.

#DemCastFL #ONEV1
https://t.co/idzykpgUXT https://t.co/7JPJvCkN0y",FALSE
"49","RT @DemsKeys: Tampa Bay Area spewed 
üò£sewage 
üò£wastewater
üò£‚ÄúIndustrial reuse water‚Äù
 
Florida has an infrastructure crisis, #ClimateCrisis, and leadership problem. Welcome back from Texas Ron.

#BuildBackBetterFL 
give the GQP ""deregathons"" a pass.

#DemCastFL #ONEV1
 . https   www wfla com news pinellas county 13000 gallons of raw sewage discharged into smacks bayou in pinellas county. https   twitter com bruceritchie status 1417841385919680519","1417868191762722817","everyone",2021-07-21 15:24:54,FALSE,"1417868191762722817",NA,"1241823881050161152","en","https://pbs.twimg.com/profile_images/1250469594118139904/_3U7DE8g_normal.jpg","Lifelong Registered Democrat, Truth seeker, Animal lover,  Musician, Political junkie. Love REAL Science, Electronics & Climate activist ...  Just an old Guy ;)","Dave Morningstar","1_OldGeezer1950","2020-03-22T20:28:06.000Z",FALSE,FALSE,"Northern Minnesota","1305606285325488128",25,0,0,0,0,NA,5135,5321,133744,6,NA,"RT @DemsKeys: Tampa Bay Area spewed 
üò£sewage 
üò£wastewater
üò£‚ÄúIndustrial reuse water‚Äù
 
Florida has an infrastructure crisis, #ClimateCrisis, and leadership problem. Welcome back from Texas Ron.

#BuildBackBetterFL 
give the GQP ""deregathons"" a pass.

#DemCastFL #ONEV1
https://t.co/idzykpgUXT https://t.co/7JPJvCkN0y",FALSE
"50","RT @DemsKeys: Tampa Bay Area spewed 
üò£sewage 
üò£wastewater
üò£‚ÄúIndustrial reuse water‚Äù
 
Florida has an infrastructure crisis, #ClimateCrisis, and leadership problem. Welcome back from Texas Ron.

#BuildBackBetterFL 
give the GQP ""deregathons"" a pass.

#DemCastFL #ONEV1
 . https   www wfla com news pinellas county 13000 gallons of raw sewage discharged into smacks bayou in pinellas county. https   twitter com bruceritchie status 1417841385919680519","1417869511743705091","everyone",2021-07-21 15:30:08,FALSE,"1417869511743705091",NA,"1348672208311345153","en","https://pbs.twimg.com/profile_images/1507340872433782793/jKmGdUs6_normal.jpg","My mother's daughter","Cristina üá∫üá∏üá®üá∫","TampaWoman1965","2021-01-11T16:45:10.000Z",FALSE,FALSE,NA,"1406921543528202240",25,0,0,0,0,NA,1510,3383,184450,8,NA,"RT @DemsKeys: Tampa Bay Area spewed 
üò£sewage 
üò£wastewater
üò£‚ÄúIndustrial reuse water‚Äù
 
Florida has an infrastructure crisis, #ClimateCrisis, and leadership problem. Welcome back from Texas Ron.

#BuildBackBetterFL 
give the GQP ""deregathons"" a pass.

#DemCastFL #ONEV1
https://t.co/idzykpgUXT https://t.co/7JPJvCkN0y",FALSE
"51","Coming soon! Learn what you can do to help. 
. https   www suncoastwaterkeeper org scientific_forum_and_awareness_on_red_tide_lyngbya","1417866029544390667","everyone",2021-07-21 15:39:06,FALSE,"1417871767301918720","1161269334188183553","1161269334188183553","en","https://pbs.twimg.com/profile_images/1161271342190268417/CXDmrVyj_normal.png","True Blue #OneV1 Z25 #DemCast #NDLB #FL26 blog@keysdems.com https://t.co/T98HbQK4Gd‚Ä¶ https://t.co/AroIFD6RqR
New! KeysDems@Masto.ai","FloridaKeysDems *Ô∏è‚É£ DemCastFL Lead ‚òÆÔ∏è OVFL","DemsKeys","2019-08-13T13:32:39.000Z",FALSE,FALSE,"Key West, Florida","1592263868281393152",2,0,2,1,0,NA,9986,9679,68393,46,"https://t.co/mdvUNArmgu","Coming soon! Learn what you can do to help. 
https://t.co/UP7vMp6OPr",TRUE
"52","@DemsKeys . https   twitter com eileenvan55 status 1417873542788624395 photo 1","1417866029544390667","everyone",2021-07-21 15:46:10,FALSE,"1417873542788624395","1161269334188183553","1122540879162617856","qme","https://pbs.twimg.com/profile_images/1575945408664174648/PlWcK-Ah_normal.jpg","Liberal Antifa Pro-choice On Spoutible, same handle Fighting disinformation, #RadicalRacistReich women‚Äôs liberties should not be in courts WOKE","@Eileenvan55 #üü¶ Eileen to the left üò∑","eileenvan55","2019-04-28T16:39:36.000Z",FALSE,FALSE,"Planet Earth","1641750559446249472",4,1,5,0,0,NA,15290,14454,129898,25,"https://t.co/x0DTbWYZ6q","@DemsKeys https://t.co/yfPbJOkQXk",TRUE
"53","RT @DemsKeys: Tampa Bay Area spewed 
üò£sewage 
üò£wastewater
üò£‚ÄúIndustrial reuse water‚Äù
 
Florida has an infrastructure crisis, #ClimateCrisis, and leadership problem. Welcome back from Texas Ron.

#BuildBackBetterFL 
give the GQP ""deregathons"" a pass.

#DemCastFL #ONEV1
 . https   www wfla com news pinellas county 13000 gallons of raw sewage discharged into smacks bayou in pinellas county. https   twitter com bruceritchie status 1417841385919680519","1417873842882629638","everyone",2021-07-21 15:47:21,FALSE,"1417873842882629638",NA,"1178751075479937024","en","https://abs.twimg.com/sticky/default_profile_images/default_profile_normal.png","Mother of five, grandmother of three so far,  Army veteran wife of nearly 39 years of a retired Army veteran. Mother of two sailors, and proud liberal.","Crystal Alcairo","AlcairoCrystal","2019-09-30T19:19:07.000Z",FALSE,FALSE,NA,NA,25,0,0,0,0,NA,552,841,139715,0,NA,"RT @DemsKeys: Tampa Bay Area spewed 
üò£sewage 
üò£wastewater
üò£‚ÄúIndustrial reuse water‚Äù
 
Florida has an infrastructure crisis, #ClimateCrisis, and leadership problem. Welcome back from Texas Ron.

#BuildBackBetterFL 
give the GQP ""deregathons"" a pass.

#DemCastFL #ONEV1
https://t.co/idzykpgUXT https://t.co/7JPJvCkN0y",FALSE
"54","@DemsKeys @tizzywoman DeSatan will bluster, bloviate, and ignore reporters questions he doesn't like, and in the end, nothing will be done.. ","1417866029544390667","everyone",2021-07-21 15:48:05,FALSE,"1417874027285303299","1161269334188183553","1178751075479937024","en","https://abs.twimg.com/sticky/default_profile_images/default_profile_normal.png","Mother of five, grandmother of three so far,  Army veteran wife of nearly 39 years of a retired Army veteran. Mother of two sailors, and proud liberal.","Crystal Alcairo","AlcairoCrystal","2019-09-30T19:19:07.000Z",FALSE,FALSE,NA,NA,0,0,1,0,0,NA,594,891,158277,0,NA,"@DemsKeys @tizzywoman DeSatan will bluster, bloviate, and ignore reporters questions he doesn't like, and in the end, nothing will be done.",TRUE
"55","RT @DemsKeys: Tampa Bay Area spewed 
üò£sewage 
üò£wastewater
üò£‚ÄúIndustrial reuse water‚Äù
 
Florida has an infrastructure crisis, #ClimateCrisis, and leadership problem. Welcome back from Texas Ron.

#BuildBackBetterFL 
give the GQP ""deregathons"" a pass.

#DemCastFL #ONEV1
 . https   www wfla com news pinellas county 13000 gallons of raw sewage discharged into smacks bayou in pinellas county. https   twitter com bruceritchie status 1417841385919680519","1417874882084413443","everyone",2021-07-21 15:51:29,FALSE,"1417874882084413443",NA,"2474734518","en","https://pbs.twimg.com/profile_images/1080626457578213376/CI1RH6Qj_normal.jpg","Democratic Values In Action - North Volusia County, Florida - Daytona Beach - Ormond Beach area","Democratic Values In Action #DemCast","NovoDems","2014-05-03T00:59:03.000Z",FALSE,FALSE,"Volusia County, Florida","1333115271708631046",25,0,0,0,0,NA,2449,2438,49787,34,NA,"RT @DemsKeys: Tampa Bay Area spewed 
üò£sewage 
üò£wastewater
üò£‚ÄúIndustrial reuse water‚Äù
 
Florida has an infrastructure crisis, #ClimateCrisis, and leadership problem. Welcome back from Texas Ron.

#BuildBackBetterFL 
give the GQP ""deregathons"" a pass.

#DemCastFL #ONEV1
https://t.co/idzykpgUXT https://t.co/7JPJvCkN0y",FALSE
"56","@eileenvan55 . https   twitter com DemsKeys status 1417875073969659904 photo 1","1417866029544390667","everyone",2021-07-21 15:52:15,FALSE,"1417875073969659904","1122540879162617856","1161269334188183553","qme","https://pbs.twimg.com/profile_images/1161271342190268417/CXDmrVyj_normal.png","True Blue #OneV1 Z25 #DemCast #NDLB #FL26 blog@keysdems.com https://t.co/T98HbQK4Gd‚Ä¶ https://t.co/AroIFD6RqR
New! KeysDems@Masto.ai","FloridaKeysDems *Ô∏è‚É£ DemCastFL Lead ‚òÆÔ∏è OVFL","DemsKeys","2019-08-13T13:32:39.000Z",FALSE,FALSE,"Key West, Florida","1592263868281393152",2,0,2,0,0,NA,9986,9679,68393,46,"https://t.co/mdvUNArmgu","@eileenvan55 https://t.co/EO4Sb8YZqC",TRUE
"57","@cutrightest @DemsKeys Yes, and septic tanks are especially bad for the Florida peninsula, which has a rare geology that allows water to flow underground and spreads pollution far away from its septic source. ","1417866029544390667","everyone",2021-07-21 15:53:50,FALSE,"1417875473275703297","937146402291044352","2474734518","en","https://pbs.twimg.com/profile_images/1080626457578213376/CI1RH6Qj_normal.jpg","Democratic Values In Action - North Volusia County, Florida - Daytona Beach - Ormond Beach area","Democratic Values In Action #DemCast","NovoDems","2014-05-03T00:59:03.000Z",FALSE,FALSE,"Volusia County, Florida","1333115271708631046",0,2,2,0,0,NA,2462,2442,49720,33,NA,"@cutrightest @DemsKeys Yes, and septic tanks are especially bad for the Florida peninsula, which has a rare geology that allows water to flow underground and spreads pollution far away from its septic source",TRUE
"58","RT @DemsKeys: Tampa Bay Area spewed 
üò£sewage 
üò£wastewater
üò£‚ÄúIndustrial reuse water‚Äù
 
Florida has an infrastructure crisis, #ClimateCrisis, and leadership problem. Welcome back from Texas Ron.

#BuildBackBetterFL 
give the GQP ""deregathons"" a pass.

#DemCastFL #ONEV1
 . https   www wfla com news pinellas county 13000 gallons of raw sewage discharged into smacks bayou in pinellas county. https   twitter com bruceritchie status 1417841385919680519","1417875698966884355","everyone",2021-07-21 15:54:44,FALSE,"1417875698966884355",NA,"1162779138740015104","en","https://pbs.twimg.com/profile_images/1616199365806428160/M4PIr4mS_normal.jpg","Proud Air Force Mom of Two, G-ma to 3 Boys","KeepItBlueDems","KeepItBlueDems","2019-08-17T17:32:32.000Z",FALSE,FALSE,"Kevin McCarthy Sucks","1567588252252778496",25,0,0,0,0,NA,6682,6808,419819,29,NA,"RT @DemsKeys: Tampa Bay Area spewed 
üò£sewage 
üò£wastewater
üò£‚ÄúIndustrial reuse water‚Äù
 
Florida has an infrastructure crisis, #ClimateCrisis, and leadership problem. Welcome back from Texas Ron.

#BuildBackBetterFL 
give the GQP ""deregathons"" a pass.

#DemCastFL #ONEV1
https://t.co/idzykpgUXT https://t.co/7JPJvCkN0y",FALSE
"59","@NovoDems @cutrightest Porous rock and uninspected septic tanks are a recipe for disaster.. ","1417866029544390667","everyone",2021-07-21 15:57:57,FALSE,"1417876509222658052","2474734518","1161269334188183553","en","https://pbs.twimg.com/profile_images/1161271342190268417/CXDmrVyj_normal.png","True Blue #OneV1 Z25 #DemCast #NDLB #FL26 blog@keysdems.com https://t.co/T98HbQK4Gd‚Ä¶ https://t.co/AroIFD6RqR
New! KeysDems@Masto.ai","FloridaKeysDems *Ô∏è‚É£ DemCastFL Lead ‚òÆÔ∏è OVFL","DemsKeys","2019-08-13T13:32:39.000Z",FALSE,FALSE,"Key West, Florida","1592263868281393152",0,0,2,0,0,NA,9986,9679,68393,46,"https://t.co/mdvUNArmgu","@NovoDems @cutrightest Porous rock and uninspected septic tanks are a recipe for disaster.",TRUE
"60","@NovoDems @DemsKeys oh wow, sorry to bug you but is this geology due to the way florida joined this larger bit of land in the tetonic shifts?. ","1417866029544390667","everyone",2021-07-21 15:58:01,FALSE,"1417876525429448705","2474734518","937146402291044352","en","https://pbs.twimg.com/profile_images/1562880090974916608/eF7veJLJ_normal.jpg","design/make garments, copper things & live with 2 black cats- 1 insists on being called mr tibbs. we're curious, not always well behaved, +practice fierce love","cutrightest","cutrightest","2017-12-03T02:28:08.000Z",FALSE,FALSE,"Florida, USA",NA,0,2,0,0,0,NA,206,413,17206,1,NA,"@NovoDems @DemsKeys oh wow, sorry to bug you but is this geology due to the way florida joined this larger bit of land in the tetonic shifts?",TRUE
"61","@cutrightest @DemsKeys So, ask us about Democratic Values or volunteering or electing Democrats and we feel qualified to answer. For FL geology, peruse this article . https   en m wikipedia org wiki Geology_of_Florida","1417866029544390667","everyone",2021-07-21 16:00:23,FALSE,"1417877124157935626","937146402291044352","2474734518","en","https://pbs.twimg.com/profile_images/1080626457578213376/CI1RH6Qj_normal.jpg","Democratic Values In Action - North Volusia County, Florida - Daytona Beach - Ormond Beach area","Democratic Values In Action #DemCast","NovoDems","2014-05-03T00:59:03.000Z",FALSE,FALSE,"Volusia County, Florida","1333115271708631046",2,1,2,0,0,NA,2462,2442,49720,33,NA,"@cutrightest @DemsKeys So, ask us about Democratic Values or volunteering or electing Democrats and we feel qualified to answer. For FL geology, peruse this article https://t.co/tIt5sGIG2J",TRUE
"62","@cutrightest @DemsKeys Short answer: apparently not related to tectonic movement.. ","1417866029544390667","everyone",2021-07-21 16:02:21,FALSE,"1417877616112152577","937146402291044352","2474734518","en","https://pbs.twimg.com/profile_images/1080626457578213376/CI1RH6Qj_normal.jpg","Democratic Values In Action - North Volusia County, Florida - Daytona Beach - Ormond Beach area","Democratic Values In Action #DemCast","NovoDems","2014-05-03T00:59:03.000Z",FALSE,FALSE,"Volusia County, Florida","1333115271708631046",0,1,1,0,0,NA,2462,2442,49720,33,NA,"@cutrightest @DemsKeys Short answer: apparently not related to tectonic movement.",TRUE
"63","@NovoDems @DemsKeys ty. in my simple mind i see the ocean just flowing under florida w the aquifers ha! idiot to the core. ","1417866029544390667","everyone",2021-07-21 16:03:52,FALSE,"1417878000947826693","2474734518","937146402291044352","en","https://pbs.twimg.com/profile_images/1562880090974916608/eF7veJLJ_normal.jpg","design/make garments, copper things & live with 2 black cats- 1 insists on being called mr tibbs. we're curious, not always well behaved, +practice fierce love","cutrightest","cutrightest","2017-12-03T02:28:08.000Z",FALSE,FALSE,"Florida, USA",NA,0,1,0,0,0,NA,206,413,17206,1,NA,"@NovoDems @DemsKeys ty. in my simple mind i see the ocean just flowing under florida w the aquifers ha! idiot to the core",TRUE
"64","RT @DemsKeys: Tampa Bay Area spewed 
üò£sewage 
üò£wastewater
üò£‚ÄúIndustrial reuse water‚Äù
 
Florida has an infrastructure crisis, #ClimateCrisis, and leadership problem. Welcome back from Texas Ron.

#BuildBackBetterFL 
give the GQP ""deregathons"" a pass.

#DemCastFL #ONEV1
 . https   www wfla com news pinellas county 13000 gallons of raw sewage discharged into smacks bayou in pinellas county. https   twitter com bruceritchie status 1417841385919680519","1417878339931578369","everyone",2021-07-21 16:05:13,FALSE,"1417878339931578369",NA,"1047956117916200960","en","https://pbs.twimg.com/profile_images/1613181202705309702/vu_1GNwq_normal.jpg","""If 99% of us (Dems) voted it wouldn't matter how much the 1% spends on our elections"" ~Barack Obama #VoteBlue","Misty","Mistyfied352","2018-10-04T21:06:23.000Z",FALSE,FALSE,"DeSantistan","1392813969707094017",25,0,0,0,0,NA,3147,4607,36152,1,NA,"RT @DemsKeys: Tampa Bay Area spewed 
üò£sewage 
üò£wastewater
üò£‚ÄúIndustrial reuse water‚Äù
 
Florida has an infrastructure crisis, #ClimateCrisis, and leadership problem. Welcome back from Texas Ron.

#BuildBackBetterFL 
give the GQP ""deregathons"" a pass.

#DemCastFL #ONEV1
https://t.co/idzykpgUXT https://t.co/7JPJvCkN0y",FALSE
"65","@cutrightest @DemsKeys Hey, no insulting Democrats in this space! We learned something today. ","1417866029544390667","everyone",2021-07-21 16:18:06,FALSE,"1417881579423215618","937146402291044352","2474734518","en","https://pbs.twimg.com/profile_images/1080626457578213376/CI1RH6Qj_normal.jpg","Democratic Values In Action - North Volusia County, Florida - Daytona Beach - Ormond Beach area","Democratic Values In Action #DemCast","NovoDems","2014-05-03T00:59:03.000Z",FALSE,FALSE,"Volusia County, Florida","1333115271708631046",0,1,2,0,0,NA,2462,2442,49720,33,NA,"@cutrightest @DemsKeys Hey, no insulting Democrats in this space! We learned something today",TRUE
"66","@NovoDems @DemsKeys we have to be ignorant in order to learn! only know it alls cant learn anything. i like emphasizing my ignorance - it seems so many have a difficult time w the idea that learning implies ignorance. bit weird too. ","1417866029544390667","everyone",2021-07-21 16:22:07,FALSE,"1417882592943251458","2474734518","937146402291044352","en","https://pbs.twimg.com/profile_images/1562880090974916608/eF7veJLJ_normal.jpg","design/make garments, copper things & live with 2 black cats- 1 insists on being called mr tibbs. we're curious, not always well behaved, +practice fierce love","cutrightest","cutrightest","2017-12-03T02:28:08.000Z",FALSE,FALSE,"Florida, USA",NA,0,1,1,0,0,NA,206,413,17206,1,NA,"@NovoDems @DemsKeys we have to be ignorant in order to learn! only know it alls cant learn anything. i like emphasizing my ignorance - it seems so many have a difficult time w the idea that learning implies ignorance. bit weird too",TRUE
"67","@cutrightest @DemsKeys Your question was a teacher. ","1417866029544390667","everyone",2021-07-21 16:22:49,FALSE,"1417882765844963335","937146402291044352","2474734518","en","https://pbs.twimg.com/profile_images/1080626457578213376/CI1RH6Qj_normal.jpg","Democratic Values In Action - North Volusia County, Florida - Daytona Beach - Ormond Beach area","Democratic Values In Action #DemCast","NovoDems","2014-05-03T00:59:03.000Z",FALSE,FALSE,"Volusia County, Florida","1333115271708631046",0,1,0,0,0,NA,2462,2442,49720,33,NA,"@cutrightest @DemsKeys Your question was a teacher",TRUE
"68","@NovoDems @DemsKeys ha funny that. ha. who knew. i thought you were the teacher. ha. ","1417866029544390667","everyone",2021-07-21 16:23:39,FALSE,"1417882975572795405","2474734518","937146402291044352","en","https://pbs.twimg.com/profile_images/1562880090974916608/eF7veJLJ_normal.jpg","design/make garments, copper things & live with 2 black cats- 1 insists on being called mr tibbs. we're curious, not always well behaved, +practice fierce love","cutrightest","cutrightest","2017-12-03T02:28:08.000Z",FALSE,FALSE,"Florida, USA",NA,0,0,0,0,0,NA,206,413,17206,1,NA,"@NovoDems @DemsKeys ha funny that. ha. who knew. i thought you were the teacher. ha",TRUE
"69","@NovoDems @DemsKeys also funny: i learned more abt teutonic plates shifting than from geology class by gardening cycads. cycads moved around the planet with the shifts +thats how we got coontie. i tell ppl to garden: play in the dirt plus whole fields of study all nite long ... i'm curious nerd. ","1417866029544390667","everyone",2021-07-21 16:28:28,FALSE,"1417884191124074500","2474734518","937146402291044352","en","https://pbs.twimg.com/profile_images/1562880090974916608/eF7veJLJ_normal.jpg","design/make garments, copper things & live with 2 black cats- 1 insists on being called mr tibbs. we're curious, not always well behaved, +practice fierce love","cutrightest","cutrightest","2017-12-03T02:28:08.000Z",FALSE,FALSE,"Florida, USA",NA,0,0,0,0,0,NA,206,413,17206,1,NA,"@NovoDems @DemsKeys also funny: i learned more abt teutonic plates shifting than from geology class by gardening cycads. cycads moved around the planet with the shifts +thats how we got coontie. i tell ppl to garden: play in the dirt plus whole fields of study all nite long ... i'm curious nerd",TRUE
"70","RT @DemsKeys: Tampa Bay Area spewed 
üò£sewage 
üò£wastewater
üò£‚ÄúIndustrial reuse water‚Äù
 
Florida has an infrastructure crisis, #ClimateCrisis, and leadership problem. Welcome back from Texas Ron.

#BuildBackBetterFL 
give the GQP ""deregathons"" a pass.

#DemCastFL #ONEV1
 . https   www wfla com news pinellas county 13000 gallons of raw sewage discharged into smacks bayou in pinellas county. https   twitter com bruceritchie status 1417841385919680519","1417885670002069506","everyone",2021-07-21 16:34:21,FALSE,"1417885670002069506",NA,"254782044","en","https://pbs.twimg.com/profile_images/3088675096/095d40ef42d30f988c612fead9c1c2a7_normal.jpeg","Supposed to be Radio News Broadcaster. At the time was not interested. Many friends were very successful..A gifted voice to many.Road not taken.","greedalitism365","Greedalitism365","2011-02-20T00:36:34.000Z",FALSE,FALSE,NA,NA,25,0,0,0,0,NA,3061,4868,327338,244,NA,"RT @DemsKeys: Tampa Bay Area spewed 
üò£sewage 
üò£wastewater
üò£‚ÄúIndustrial reuse water‚Äù
 
Florida has an infrastructure crisis, #ClimateCrisis, and leadership problem. Welcome back from Texas Ron.

#BuildBackBetterFL 
give the GQP ""deregathons"" a pass.

#DemCastFL #ONEV1
https://t.co/idzykpgUXT https://t.co/7JPJvCkN0y",FALSE
"71","RT @DemsKeys: Tampa Bay Area spewed 
üò£sewage 
üò£wastewater
üò£‚ÄúIndustrial reuse water‚Äù
 
Florida has an infrastructure crisis, #ClimateCrisis, and leadership problem. Welcome back from Texas Ron.

#BuildBackBetterFL 
give the GQP ""deregathons"" a pass.

#DemCastFL #ONEV1
 . https   www wfla com news pinellas county 13000 gallons of raw sewage discharged into smacks bayou in pinellas county. https   twitter com bruceritchie status 1417841385919680519","1417901570818289668","everyone",2021-07-21 17:37:32,FALSE,"1417901570818289668",NA,"32399655","en","https://pbs.twimg.com/profile_images/2599680382/093D5102-740F-4502-B0C9-2837819E1623_normal","Beach/RV life ‚Ä¢ Hippie ‚Ä¢ Love People ‚Ä¢ Love Music ‚Ä¢ Every day I wake is a good day, no worry if I don‚Äôt. ‚Ä¢ I LIVE BY: It is what it is. ‚Ä¢ View #NewDayNewChance","W·¥∂E·¥ºB·¥±B ‚úåüèº","thewebbix","2009-04-17T13:17:11.000Z",FALSE,FALSE,"Lakeland, FL","786636396811415552",25,0,0,0,0,NA,31911,31699,264515,121,"https://t.co/XiYh9XeOhR","RT @DemsKeys: Tampa Bay Area spewed 
üò£sewage 
üò£wastewater
üò£‚ÄúIndustrial reuse water‚Äù
 
Florida has an infrastructure crisis, #ClimateCrisis, and leadership problem. Welcome back from Texas Ron.

#BuildBackBetterFL 
give the GQP ""deregathons"" a pass.

#DemCastFL #ONEV1
https://t.co/idzykpgUXT https://t.co/7JPJvCkN0y",FALSE
"72","RT @DemsKeys: Tampa Bay Area spewed 
üò£sewage 
üò£wastewater
üò£‚ÄúIndustrial reuse water‚Äù
 
Florida has an infrastructure crisis, #ClimateCrisis, and leadership problem. Welcome back from Texas Ron.

#BuildBackBetterFL 
give the GQP ""deregathons"" a pass.

#DemCastFL #ONEV1
 . https   www wfla com news pinellas county 13000 gallons of raw sewage discharged into smacks bayou in pinellas county. https   twitter com bruceritchie status 1417841385919680519","1417923578981326848","everyone",2021-07-21 19:04:59,FALSE,"1417923578981326848",NA,"973792490","en","https://pbs.twimg.com/profile_images/1390001129933529088/XQ26I3bi_normal.jpg","#DemocratsDeliver üêùüåæüåéüá∫üá¶üåäüåä
#IStandWithUkraine üá∫üá¶","Dorell üåäüåäüá∫üá¶üåªüêùüåæüåé#DemCast","sayre_dorell","2012-11-27T12:21:27.000Z",FALSE,FALSE,"Olympia, WA","1396110687932280836",25,0,0,0,0,NA,1682,3099,90374,3,"https://t.co/kN3bkIRS4S","RT @DemsKeys: Tampa Bay Area spewed 
üò£sewage 
üò£wastewater
üò£‚ÄúIndustrial reuse water‚Äù
 
Florida has an infrastructure crisis, #ClimateCrisis, and leadership problem. Welcome back from Texas Ron.

#BuildBackBetterFL 
give the GQP ""deregathons"" a pass.

#DemCastFL #ONEV1
https://t.co/idzykpgUXT https://t.co/7JPJvCkN0y",FALSE
"73","RT @DemsKeys: Tampa Bay Area spewed 
üò£sewage 
üò£wastewater
üò£‚ÄúIndustrial reuse water‚Äù
 
Florida has an infrastructure crisis, #ClimateCrisis, and leadership problem. Welcome back from Texas Ron.

#BuildBackBetterFL 
give the GQP ""deregathons"" a pass.

#DemCastFL #ONEV1
 . https   www wfla com news pinellas county 13000 gallons of raw sewage discharged into smacks bayou in pinellas county. https   twitter com bruceritchie status 1417841385919680519","1417930364270546950","everyone",2021-07-21 19:31:57,FALSE,"1417930364270546950",NA,"414221776","en","https://pbs.twimg.com/profile_images/1094697699650224128/41FZWRNc_normal.jpg","78 mar LCSW 50 yrs in Recovery USAF Vet Atheist Dem fm NJ Ohio Mass Hawaii NY Fla #Resistance #BlueCrew #VoteBlue #ACLU #SPLC #BLM üåà#LGBTQ üåäüåäüåä","Bud","BudGothmog44","2011-11-16T19:51:06.000Z",FALSE,FALSE,"Clearwater Fla Florida NY","1229808332317351936",25,0,0,0,0,NA,78662,78482,561436,51,NA,"RT @DemsKeys: Tampa Bay Area spewed 
üò£sewage 
üò£wastewater
üò£‚ÄúIndustrial reuse water‚Äù
 
Florida has an infrastructure crisis, #ClimateCrisis, and leadership problem. Welcome back from Texas Ron.

#BuildBackBetterFL 
give the GQP ""deregathons"" a pass.

#DemCastFL #ONEV1
https://t.co/idzykpgUXT https://t.co/7JPJvCkN0y",FALSE
"74","RT @DemsKeys: Tampa Bay Area spewed 
üò£sewage 
üò£wastewater
üò£‚ÄúIndustrial reuse water‚Äù
 
Florida has an infrastructure crisis, #ClimateCrisis, and leadership problem. Welcome back from Texas Ron.

#BuildBackBetterFL 
give the GQP ""deregathons"" a pass.

#DemCastFL #ONEV1
 . https   www wfla com news pinellas county 13000 gallons of raw sewage discharged into smacks bayou in pinellas county. https   twitter com bruceritchie status 1417841385919680519","1417931362145763330","everyone",2021-07-21 19:35:55,FALSE,"1417931362145763330",NA,"835290266814689280","en","https://pbs.twimg.com/profile_images/1591121612916797440/NDtRbSww_normal.jpg","Political and news junkie, Retired School Social Worker, Proud Mother and Grandmother","Corrine Anderson-Ket","KetCorrine","2017-02-25T00:48:13.000Z",FALSE,FALSE," Des Moines, WA South Seattle",NA,25,0,0,0,0,NA,2385,5005,253092,5,NA,"RT @DemsKeys: Tampa Bay Area spewed 
üò£sewage 
üò£wastewater
üò£‚ÄúIndustrial reuse water‚Äù
 
Florida has an infrastructure crisis, #ClimateCrisis, and leadership problem. Welcome back from Texas Ron.

#BuildBackBetterFL 
give the GQP ""deregathons"" a pass.

#DemCastFL #ONEV1
https://t.co/idzykpgUXT https://t.co/7JPJvCkN0y",FALSE
"75","RT @DemsKeys: Tampa Bay Area spewed 
üò£sewage 
üò£wastewater
üò£‚ÄúIndustrial reuse water‚Äù
 
Florida has an infrastructure crisis, #ClimateCrisis, and leadership problem. Welcome back from Texas Ron.

#BuildBackBetterFL 
give the GQP ""deregathons"" a pass.

#DemCastFL #ONEV1
 . https   www wfla com news pinellas county 13000 gallons of raw sewage discharged into smacks bayou in pinellas county. https   twitter com bruceritchie status 1417841385919680519","1417946048362913793","everyone",2021-07-21 20:34:16,FALSE,"1417946048362913793",NA,"1203485067906932736","en","https://pbs.twimg.com/profile_images/1607113020639186946/sjIKMRiy_normal.jpg","Proud American Democrat & Veteran, thankful for the efforts of many to restore our nation | TruBlue | DemVoice1 | Z24 | DEMCAST| ProudBlue |üí•üö´Lists/DMsüí•","Old Sarge Pap ‚òÆÔ∏èüïä","oldsargepap","2019-12-08T01:23:12.000Z",FALSE,FALSE,"South Florida, USA *SOFLA","1581342555878281217",25,0,0,0,0,NA,15249,16608,14545,22,NA,"RT @DemsKeys: Tampa Bay Area spewed 
üò£sewage 
üò£wastewater
üò£‚ÄúIndustrial reuse water‚Äù
 
Florida has an infrastructure crisis, #ClimateCrisis, and leadership problem. Welcome back from Texas Ron.

#BuildBackBetterFL 
give the GQP ""deregathons"" a pass.

#DemCastFL #ONEV1
https://t.co/idzykpgUXT https://t.co/7JPJvCkN0y",FALSE
"76","RT @DemsKeys: Tampa Bay Area spewed 
üò£sewage 
üò£wastewater
üò£‚ÄúIndustrial reuse water‚Äù
 
Florida has an infrastructure crisis, #ClimateCrisis, and leadership problem. Welcome back from Texas Ron.

#BuildBackBetterFL 
give the GQP ""deregathons"" a pass.

#DemCastFL #ONEV1
 . https   www wfla com news pinellas county 13000 gallons of raw sewage discharged into smacks bayou in pinellas county. https   twitter com bruceritchie status 1417841385919680519","1417972973558960129","everyone",2021-07-21 22:21:16,FALSE,"1417972973558960129",NA,"1256088677375258625","en","https://pbs.twimg.com/profile_images/1623132723215835136/ftHEEwDs_normal.jpg","‚ÄúThe~‚Äù‚ÄùR~‚Äù@= Resistance Cabal United. #DemVoice1, #wtpBLUE, Hurricane Batman.","Immortal Batman","DavidMK187","2020-05-01T05:11:11.000Z",FALSE,FALSE,NA,"1557769104441819136",25,0,0,0,0,NA,2935,4328,166577,6,NA,"RT @DemsKeys: Tampa Bay Area spewed 
üò£sewage 
üò£wastewater
üò£‚ÄúIndustrial reuse water‚Äù
 
Florida has an infrastructure crisis, #ClimateCrisis, and leadership problem. Welcome back from Texas Ron.

#BuildBackBetterFL 
give the GQP ""deregathons"" a pass.

#DemCastFL #ONEV1
https://t.co/idzykpgUXT https://t.co/7JPJvCkN0y",FALSE
"77","RT @DemsKeys: Tampa Bay Area spewed 
üò£sewage 
üò£wastewater
üò£‚ÄúIndustrial reuse water‚Äù
 
Florida has an infrastructure crisis, #ClimateCrisis, and leadership problem. Welcome back from Texas Ron.

#BuildBackBetterFL 
give the GQP ""deregathons"" a pass.

#DemCastFL #ONEV1
 . https   www wfla com news pinellas county 13000 gallons of raw sewage discharged into smacks bayou in pinellas county. https   twitter com bruceritchie status 1417841385919680519","1417979694167859207","everyone",2021-07-21 22:47:58,FALSE,"1417979694167859207",NA,"419238022","en","https://pbs.twimg.com/profile_images/1295430075958153219/1ULKH-Td_normal.jpg","üíô#Resister üî•#Persister ‚òÆÔ∏è #GunReform üó≥#VotingRights üåé #ClimateAction üñ§ü§é#BLM ‚ôÄÔ∏è#WomensRights üåà#LGBQTüó≥#DemCastFL üó≥ #wtpBLUE üó≥ #DemVoice1üó≥ #ONEV1","Melissa Longanecker üíî","Tildys","2011-11-23T03:48:25.000Z",FALSE,FALSE,NA,"1403718936265478144",25,0,0,0,0,NA,7964,8227,117787,21,NA,"RT @DemsKeys: Tampa Bay Area spewed 
üò£sewage 
üò£wastewater
üò£‚ÄúIndustrial reuse water‚Äù
 
Florida has an infrastructure crisis, #ClimateCrisis, and leadership problem. Welcome back from Texas Ron.

#BuildBackBetterFL 
give the GQP ""deregathons"" a pass.

#DemCastFL #ONEV1
https://t.co/idzykpgUXT https://t.co/7JPJvCkN0y",FALSE
"78","RT @DemsKeys: Tampa Bay Area spewed 
üò£sewage 
üò£wastewater
üò£‚ÄúIndustrial reuse water‚Äù
 
Florida has an infrastructure crisis, #ClimateCrisis, and leadership problem. Welcome back from Texas Ron.

#BuildBackBetterFL 
give the GQP ""deregathons"" a pass.

#DemCastFL #ONEV1
 . https   www wfla com news pinellas county 13000 gallons of raw sewage discharged into smacks bayou in pinellas county. https   twitter com bruceritchie status 1417841385919680519","1418014656505974785","everyone",2021-07-22 01:06:54,FALSE,"1418014656505974785",NA,"2903133183","en","https://pbs.twimg.com/profile_images/544993363951628289/czp9_GEt_normal.jpeg","Floridian, USAF Veteran, Son of a WWII POW, Vote Blue in 2022. wtpBLUE  DemCastFL Resist Resistance. Opinions are my own.","The time is now! Democracy is at stake üíî üåä","TimeIsNow2020","2014-12-03T01:56:32.000Z",FALSE,FALSE,NA,"1500984721001652224",25,0,0,0,0,NA,11837,12488,98313,21,NA,"RT @DemsKeys: Tampa Bay Area spewed 
üò£sewage 
üò£wastewater
üò£‚ÄúIndustrial reuse water‚Äù
 
Florida has an infrastructure crisis, #ClimateCrisis, and leadership problem. Welcome back from Texas Ron.

#BuildBackBetterFL 
give the GQP ""deregathons"" a pass.

#DemCastFL #ONEV1
https://t.co/idzykpgUXT https://t.co/7JPJvCkN0y",FALSE
"79","@DemsKeys @TimeIsNow2020 #TampaBay #Sarasota &amp; rest of #Florida should rid themselves of @GovRonDeSantis who cares so very little about the people &amp; lives of #Florida residents.

He‚Äôs focused on his #Political future, not on #COVID19 or curbing #Corporations from #Pollution.

#Tampa #Bradenton #RedTide. ","1417866029544390667","everyone",2021-07-22 01:15:17,FALSE,"1418016769281769473","1161269334188183553","1154952166815281157","en","https://pbs.twimg.com/profile_images/1254656343107088385/hAULf7RX_normal.jpg","#OnePersonOneVote #STOPWhiteTerrorism: PA constituent, BFA painting/educ, illustrator, sailor. *Time for majority rule* #ElectionReform. RT not endorsement","Starbright489 #VotingRightsFoundational","Starbright489","2019-07-27T03:10:29.000Z",FALSE,FALSE,"Pennsylvania, USA","1563680695922434048",2,0,1,0,0,NA,234,3411,44511,1,NA,"@DemsKeys @TimeIsNow2020 #TampaBay #Sarasota &amp; rest of #Florida should rid themselves of @GovRonDeSantis who cares so very little about the people &amp; lives of #Florida residents.

He‚Äôs focused on his #Political future, not on #COVID19 or curbing #Corporations from #Pollution.

#Tampa #Bradenton #RedTide",TRUE
"80","RT @DemsKeys: Tampa Bay Area spewed 
üò£sewage 
üò£wastewater
üò£‚ÄúIndustrial reuse water‚Äù
 
Florida has an infrastructure crisis, #ClimateCrisis, and leadership problem. Welcome back from Texas Ron.

#BuildBackBetterFL 
give the GQP ""deregathons"" a pass.

#DemCastFL #ONEV1
 . https   www wfla com news pinellas county 13000 gallons of raw sewage discharged into smacks bayou in pinellas county. https   twitter com bruceritchie status 1417841385919680519","1418031626739720193","everyone",2021-07-22 02:14:20,FALSE,"1418031626739720193",NA,"25299335","en","https://pbs.twimg.com/profile_images/1397548727565434880/rGXtBQ9g_normal.jpg","#MSDStrong
#BlackLivesMatter 
‚ù§Ô∏èüß°üíõüíöüíôüíú 
#DemcastFL  
Goals:
#RubioOut
#FlipFloridaBlue
#ElectWomen
#BanAssaultWeapons ü¶Öüíî","Heather ~ Parkland Mom","Kiwiheather","2009-03-19T14:05:25.000Z",FALSE,FALSE,"Parkland, FL","964362894606389250",25,0,0,0,0,NA,7932,6378,14825,12,NA,"RT @DemsKeys: Tampa Bay Area spewed 
üò£sewage 
üò£wastewater
üò£‚ÄúIndustrial reuse water‚Äù
 
Florida has an infrastructure crisis, #ClimateCrisis, and leadership problem. Welcome back from Texas Ron.

#BuildBackBetterFL 
give the GQP ""deregathons"" a pass.

#DemCastFL #ONEV1
https://t.co/idzykpgUXT https://t.co/7JPJvCkN0y",FALSE
"81","RT @DemsKeys: Tampa Bay Area spewed 
üò£sewage 
üò£wastewater
üò£‚ÄúIndustrial reuse water‚Äù
 
Florida has an infrastructure crisis, #ClimateCrisis, and leadership problem. Welcome back from Texas Ron.

#BuildBackBetterFL 
give the GQP ""deregathons"" a pass.

#DemCastFL #ONEV1
 . https   www wfla com news pinellas county 13000 gallons of raw sewage discharged into smacks bayou in pinellas county. https   twitter com bruceritchie status 1417841385919680519","1418095118439964679","everyone",2021-07-22 06:26:37,FALSE,"1418095118439964679",NA,"3511420753","en","https://pbs.twimg.com/profile_images/1272417056214810624/UW2cCoqt_normal.jpg","Punk rock lesbo mom. Guitar, songwriter, producer. Lover of US constitution, make a better world. #49ers
Proud to #RESIST since 1980. #VoteBlue 
No DMs  #Z24","Pinky says vote blue #Resist‚òÆÔ∏è","pfefer_r","2015-09-10T03:53:39.000Z",FALSE,FALSE,"beautiful NorCal","1541309157722099712",25,0,0,0,0,NA,7796,8583,92306,6,NA,"RT @DemsKeys: Tampa Bay Area spewed 
üò£sewage 
üò£wastewater
üò£‚ÄúIndustrial reuse water‚Äù
 
Florida has an infrastructure crisis, #ClimateCrisis, and leadership problem. Welcome back from Texas Ron.

#BuildBackBetterFL 
give the GQP ""deregathons"" a pass.

#DemCastFL #ONEV1
https://t.co/idzykpgUXT https://t.co/7JPJvCkN0y",FALSE
"82","RT @DemsKeys: Tampa Bay Area spewed 
üò£sewage 
üò£wastewater
üò£‚ÄúIndustrial reuse water‚Äù
 
Florida has an infrastructure crisis, #ClimateCrisis, and leadership problem. Welcome back from Texas Ron.

#BuildBackBetterFL 
give the GQP ""deregathons"" a pass.

#DemCastFL #ONEV1
 . https   www wfla com news pinellas county 13000 gallons of raw sewage discharged into smacks bayou in pinellas county. https   twitter com bruceritchie status 1417841385919680519","1418099259786862592","everyone",2021-07-22 06:43:05,FALSE,"1418099259786862592",NA,"315310596","en","https://pbs.twimg.com/profile_images/871735992423768064/CYg2OR6I_normal.jpg","Environmental & political activist","Marilyn Egan","MarilynEgan1","2011-06-11T17:10:16.000Z",FALSE,FALSE,"Delray Beach, FLORIDA ","1234140382209957889",25,0,0,0,0,NA,4373,4809,75682,3,NA,"RT @DemsKeys: Tampa Bay Area spewed 
üò£sewage 
üò£wastewater
üò£‚ÄúIndustrial reuse water‚Äù
 
Florida has an infrastructure crisis, #ClimateCrisis, and leadership problem. Welcome back from Texas Ron.

#BuildBackBetterFL 
give the GQP ""deregathons"" a pass.

#DemCastFL #ONEV1
https://t.co/idzykpgUXT https://t.co/7JPJvCkN0y",FALSE
"83","@DKMCCL @ProjectLincoln @RonDeSantisFL Ummmm, he earmarked money for Red Tide a while back. It's finally been al approved. 

Do you know how much sewage Pinellas dumps in the gulf?? Google it. It's ALOT.. ","1417500298260647939","everyone",2021-07-22 13:45:30,FALSE,"1418205565155647495","47738650","716577450","en","https://pbs.twimg.com/profile_images/1602028658771779587/xQ5yX2Wm_normal.jpg","We are all mad here.
Mother, farm owner, Florida native... Social liberal and fiscal conservative.  Independent thinker. Typos are my specialty","MichLinn üå¥‚õ±","MichelleLinn1","2012-07-25T19:02:09.000Z",FALSE,FALSE,"FL",NA,0,0,0,0,0,NA,311,1561,13998,4,NA,"@DKMCCL @ProjectLincoln @RonDeSantisFL Ummmm, he earmarked money for Red Tide a while back. It's finally been al approved. 

Do you know how much sewage Pinellas dumps in the gulf?? Google it. It's ALOT.",FALSE
"84","1,300 gallons of raw sewage spilled into the streets of St. Petersburg a few weeks ago, indicating an infrastructural problem that put even more nitrogen into the bay, which contributes directly to red tide. Read more:  . https   www wfla com news pinellas county 13000 gallons of raw sewage discharged into smacks bayou in pinellas county. https   twitter com fl_opportunity status 1422542944825917468 video 1","1422542944825917468","everyone",2021-08-03 13:00:42,FALSE,"1422542944825917468",NA,"1178312066656022529","en","https://pbs.twimg.com/profile_images/1585019537233158178/v8Zj6Eaq_normal.jpg","Florida‚Äôs economy should work for all our families, not just those at the top. #FLFamiliesFirst","Opportunity for All Floridians","fl_opportunity","2019-09-29T14:14:33.000Z",FALSE,FALSE,"Florida, USA","1608840712673546243",0,0,0,0,0,NA,2231,2173,1987,8,"https://t.co/C06JuLLpAR","1,300 gallons of raw sewage spilled into the streets of St. Petersburg a few weeks ago, indicating an infrastructural problem that put even more nitrogen into the bay, which contributes directly to red tide. Read more: https://t.co/6ggg7SIBbZ https://t.co/fHILbYBsgn",FALSE
"85","A temporary detour is in place on the Pinellas Trail just north of West Bay Drive due to maintenance work. 

Pinellas County will be repairing a stormwater pipe that is leaking and causing washouts and unstable ground. The repair is expected to take about two weeks. 1/2 . https   twitter com PinellasCoNews status 1426242901420429317 photo 1","1426242901420429317","everyone",2021-08-13 18:03:00,FALSE,"1426242901420429317",NA,"87210710","en","https://pbs.twimg.com/profile_images/958396908858429440/ZeXWz8mM_normal.jpg","Pinellas County government's latest news, events, photos, video and general information. We're on the #GulfOfMexico and #TampaBay on the west coast of #Florida.","Pinellas County","PinellasGov","2009-11-03T15:10:56.000Z",FALSE,FALSE,"Pinellas County, Florida",NA,0,1,1,0,0,NA,28966,270,25892,466,"https://t.co/Gt8840coE5","A temporary detour is in place on the Pinellas Trail just north of West Bay Drive due to maintenance work. 

Pinellas County will be repairing a stormwater pipe that is leaking and causing washouts and unstable ground. The repair is expected to take about two weeks. 1/2 https://t.co/8forcQzLBZ",FALSE
"86","Residents and trail users may notice heavy equipment and crews in the area. 

Signage will mark the detour, which follows sidewalks along 4th Avenue NW, 11th Street SW, and 8th Avenue NW. 2/2 . https   twitter com PinellasCoNews status 1426242975747788802 photo 1","1426242901420429317","everyone",2021-08-13 18:03:18,FALSE,"1426242975747788802","87210710","87210710","en","https://pbs.twimg.com/profile_images/958396908858429440/ZeXWz8mM_normal.jpg","Pinellas County government's latest news, events, photos, video and general information. We're on the #GulfOfMexico and #TampaBay on the west coast of #Florida.","Pinellas County","PinellasGov","2009-11-03T15:10:56.000Z",FALSE,FALSE,"Pinellas County, Florida",NA,0,0,2,0,0,NA,28979,274,26421,467,"https://t.co/Gt8840coE5","Residents and trail users may notice heavy equipment and crews in the area. 

Signage will mark the detour, which follows sidewalks along 4th Avenue NW, 11th Street SW, and 8th Avenue NW. 2/2 https://t.co/3xlvKCaOX6",TRUE
"87","Boca Ciega Bay absorbed a big flush of wastewater over the weekend @gabestern326 reports. The sewer pipe was so old the city didn‚Äôt know it existed. @TB_Times @TBTimesBiz . https   www tampabay com news breaking news 2021 08 23 74500 gallons of wastewater spill into pinellas countys boca ciega bay","1430284115102912518","everyone",2021-08-24 21:41:21,FALSE,"1430284115102912518",NA,"15518828","en","https://pbs.twimg.com/profile_images/744440755456966656/bid9_O7Z_normal.jpg","Sharon Kennedy Wynne, entertainment & events writer, editor at the Tampa Bay Times @TB_Times. Mom, foodie, news junkie & fan of rollercoasters and theme parks","Sharon Kennedy Wynne","SharonKWn","2008-07-21T18:36:22.000Z",FALSE,TRUE,"St. Petersburg, Fla.",NA,0,0,2,0,0,NA,2889,1296,15439,84,"https://t.co/nqGE2gcEFd","Boca Ciega Bay absorbed a big flush of wastewater over the weekend @gabestern326 reports. The sewer pipe was so old the city didn‚Äôt know it existed. @TB_Times @TBTimesBiz https://t.co/HDaC09s9Qj",FALSE
"88","@barely_a_spec @NikkiFriedFL Pinellas is equally bad in dumping raw sewage into the bay.   But look to the real polluters here - agriculture runoff of fertilizer. ","1449032492325933067","everyone",2021-10-15 15:46:50,FALSE,"1449039069657407491","1093263310236123144","1857157704","en","https://pbs.twimg.com/profile_images/1280482594774269952/7F1X2RNT_normal.jpg","Clean Air, Clean Water, Pro-Public Education, Medicare-for-all. Realist over Theory, Local over Feds.","Ranger Rick","TampaFLPolitico","2013-09-12T11:58:10.000Z",FALSE,FALSE,"Tampa, FL",NA,0,0,0,0,0,NA,221,304,20954,1,NA,"@barely_a_spec @NikkiFriedFL Pinellas is equally bad in dumping raw sewage into the bay.   But look to the real polluters here - agriculture runoff of fertilizer",FALSE
"89","Key in Sarasota. Why did landlords along Bayshore Boulevard, Clearwater Beach,  and Island Estates just start piping raw sewage into those bays in the mid-90s? I guess you would have to ask them, but by 2006 riding a bike up Bayshore was like walking through a sewage treatment. ","1494235208966496257","everyone",2022-02-17 09:00:10,FALSE,"1494235208966496257",NA,"179165637","en","https://pbs.twimg.com/profile_images/850817161840939008/xpBkEHmL_normal.jpg","Working on some low emissions power, propulsion, and transportation projects right now...","James Carrow","jamescarrow","2010-08-16T17:28:06.000Z",FALSE,FALSE,"Riverside, CA",NA,0,0,0,0,0,NA,85,184,92258,0,"https://t.co/oaRRYOQYfx","Key in Sarasota. Why did landlords along Bayshore Boulevard, Clearwater Beach,  and Island Estates just start piping raw sewage into those bays in the mid-90s? I guess you would have to ask them, but by 2006 riding a bike up Bayshore was like walking through a sewage treatment",FALSE
"90","300,000 gallons of raw sewage spill into Pinellas County neighborhood - Tampa Bay Times -  #GoogleAlerts. https   www tampabay com news health 2022 07 22 300000 gallons of raw sewage spill into pinellas county neighborhood","1551189446741168134","everyone",2022-07-24 12:55:58,FALSE,"1551189446741168134",NA,"534263140","en","https://pbs.twimg.com/profile_images/1169906487172333577/HqrgWFkr_normal.jpg","","Florida Issues","FloridaIssues","2012-03-23T12:49:26.000Z",FALSE,FALSE,NA,NA,1,0,1,0,0,NA,1025,11,135944,38,NA,"300,000 gallons of raw sewage spill into Pinellas County neighborhood - Tampa Bay Times - https://t.co/65vW3aNSfQ #GoogleAlerts",FALSE
"91","RT @FloridaIssues: 300,000 gallons of raw sewage spill into Pinellas County neighborhood - Tampa Bay Times -  #GoogleAlerts. https   www tampabay com news health 2022 07 22 300000 gallons of raw sewage spill into pinellas county neighborhood","1551524483655208961","everyone",2022-07-25 11:07:17,FALSE,"1551524483655208961",NA,"2414913756","en","https://pbs.twimg.com/profile_images/1044311228661694464/8WGI5ptD_normal.jpg","#VOTE BLUE 2022 üåäüá∫üá∏üåä #BuyARepublicanToday! no DM‚Äôs","Le Chat Biden Democrat","LeChatNoire4","2014-03-27T21:29:48.000Z",FALSE,FALSE,"Florida","1222268511134896129",1,0,0,0,0,NA,14255,13707,1103614,336,NA,"RT @FloridaIssues: 300,000 gallons of raw sewage spill into Pinellas County neighborhood - Tampa Bay Times - https://t.co/65vW3aNSfQ #GoogleAlerts",FALSE
"92","@AlexisStargazer We are no stewards of this planet and we don‚Äôt deserve nice things. Neither land or sea is safe. üò• . https   www tampabay com news health 2022 07 22 300000 gallons of raw sewage spill into pinellas county neighborhood","1552777229100367878","everyone",2022-07-28 22:12:52,FALSE,"1552779145947631616","19752399","24066976","en","https://pbs.twimg.com/profile_images/1544285990398959622/yETnBtil_normal.jpg","St Petersburg Fl via The Hudson River Fire DeSantis Go Gators and Say Gay, Fl. Please don‚Äôt pop in and ask me how I‚Äôm doing.","Not Dexterüè≥Ô∏è‚Äçüåà","boxdog1031","2009-03-12T23:24:15.000Z",FALSE,FALSE,"St Petersburg (not that one) ","1500181216368209920",0,0,1,0,0,"5d231ed8656fcf5a",513,312,55376,18,NA,"@AlexisStargazer We are no stewards of this planet and we don‚Äôt deserve nice things. Neither land or sea is safe. üò• https://t.co/VH6WxlMLql",FALSE
"93","@JSJohnstonauthr @GoldBlooded79 Maybe it's just Pinellas beaches with their cyanobacteria from the Great Pinellas Park sewage dump and other pollutantsüòñ. ","1584303599797968896","everyone",2022-10-24 10:07:03,FALSE,"1584486620832534528","1535353503144718336","1219032025769881605","en","https://pbs.twimg.com/profile_images/1350116284327981058/3_GmLbhP_normal.jpg","Retired military. #WritingCommunity #PTSD #MS #LGBTQ #Hypoparathyroidism #RA #depression #TBI #FBR #atheist #dogs #cats CanoNina on Mastadon and Post üòä","MSFighter‚ôøüóù‚òÆÔ∏èüè≥Ô∏è‚Äçüåà","BrujaAnon","2020-01-19T23:01:09.000Z",FALSE,FALSE,"Florida, USA",NA,0,1,1,0,0,NA,1868,3803,84321,8,NA,"@JSJohnstonauthr @GoldBlooded79 Maybe it's just Pinellas beaches with their cyanobacteria from the Great Pinellas Park sewage dump and other pollutantsüòñ",FALSE
