"","text","possibly_sensitive","author_id","created_at.x","conversation_id","reply_settings","lang","id","in_reply_to_user_id","username","description","location","verified","created_at.y","url","profile_image_url","name","protected","pinned_tweet_id","public_metrics.x_retweet_count","public_metrics.x_reply_count","public_metrics.x_like_count","public_metrics.x_quote_count","public_metrics.x_impression_count","public_metrics.y_followers_count","public_metrics.y_following_count","public_metrics.y_tweet_count","public_metrics.y_listed_count","geo_place_id","text_with_display_links","reply.to.thread.no.term"
"1","Visiting family in Helsinki, only to find out the waters are infested with blue-green algae due to Russian sewage. Not clear if they're referring to fertilizer runoff from St Petersburg or the Summit that just took place here.. ",FALSE,"827682809900888064",2018-07-21 22:16:25,"1020794653908533248","everyone","en","1020794653908533248",NA,"HenrikTiemroth","SW1 frequenter. Alum @UniofOxford and @TuftsUniversity. Views my own.","Kensington, London",FALSE,"2017-02-04T00:58:54.000Z","https://t.co/c3AsaqCPum","https://pbs.twimg.com/profile_images/1413122772847452165/C0lPm1b__normal.jpg","Henrik Tiemroth",FALSE,NA,0,0,3,0,0,508,677,2300,3,NA,"Visiting family in Helsinki, only to find out the waters are infested with blue-green algae due to Russian sewage. Not clear if they're referring to fertilizer runoff from St Petersburg or the Summit that just took place here.",FALSE
"2","@lpieinfl Ooooh - hate if it happens but if a more largely populated are like Tampa St Pete gets hit - so many more will get angry. Of course you don‚Äôt have the Blue Green algae making the situation so much worse:. Hugs ü§ó. ",FALSE,"2414913756",2018-08-04 00:55:11,"1025503384420462597","everyone","en","1025545650224680961","988060225","LeChatNoire4","#VOTE BLUE 2022 üåäüá∫üá∏üåä #BuyARepublicanToday! no DM‚Äôs","Florida",FALSE,"2014-03-27T21:29:48.000Z",NA,"https://pbs.twimg.com/profile_images/1044311228661694464/8WGI5ptD_normal.jpg","Le Chat Biden Democrat",FALSE,"1222268511134896129",0,0,0,0,0,14255,13707,1103614,336,NA,"@lpieinfl Ooooh - hate if it happens but if a more largely populated are like Tampa St Pete gets hit - so many more will get angry. Of course you don‚Äôt have the Blue Green algae making the situation so much worse:. Hugs ü§ó",FALSE
"3","@RonDeSantisFL I know, we had the blue green algae really bad in Alligator Lake in Safety Harbor a few weeks ago. Other places much worse with red tide but last I heard it's showing up on St Pete Beach!. ",FALSE,"221396657",2018-08-09 21:05:30,"1027639515261952000","everyone","en","1027662175069003777","487297085","dereck72vapes","Twitter much better after Elon bought it","sunny florida",FALSE,"2010-11-30T15:17:32.000Z",NA,"https://pbs.twimg.com/profile_images/451155265593696256/7ymkTcKp_normal.jpeg","UltraMAGAdereck72",FALSE,"1594511084098289664",2,0,3,0,0,2453,2053,21498,46,NA,"@RonDeSantisFL I know, we had the blue green algae really bad in Alligator Lake in Safety Harbor a few weeks ago. Other places much worse with red tide but last I heard it's showing up on St Pete Beach!",FALSE
"4","RT @dereck72vapes: @RonDeSantisFL I know, we had the blue green algae really bad in Alligator Lake in Safety Harbor a few weeks ago. Other places much worse with red tide but last I heard it's showing up on St Pete Beach!. ",FALSE,"918733847579283456",2018-08-10 07:27:29,"1027818703935692800","everyone","en","1027818703935692800",NA,"MemeBurk","RetiredSci.Teacher;Progrsve;#BLM MEdCounseling;GreenPeace;#RESIST WildlifeHabitatCreator; #IAmAntifa #ClimateCrisisIsHere #ProtectLivingThings#BidenHarris","Texas, USA, World, Universe",FALSE,"2017-10-13T07:03:13.000Z",NA,"https://pbs.twimg.com/profile_images/1370560869227192322/QRoSQpWR_normal.jpg","Meme Burküåéüåäüá∫üá∏üíôüá∫üá¶üò∑",FALSE,NA,2,0,0,0,0,8635,8661,658012,29,NA,"RT @dereck72vapes: @RonDeSantisFL I know, we had the blue green algae really bad in Alligator Lake in Safety Harbor a few weeks ago. Other places much worse with red tide but last I heard it's showing up on St Pete Beach!",FALSE
"5","RT @dereck72vapes: @RonDeSantisFL I know, we had the blue green algae really bad in Alligator Lake in Safety Harbor a few weeks ago. Other places much worse with red tide but last I heard it's showing up on St Pete Beach!. ",FALSE,"2796475822",2018-08-10 14:10:39,"1027920164023611392","everyone","en","1027920164023611392",NA,"downey1950_w","Retired.Gardener,reader,tv freak,swimmer,counselor,friend, #RESIST NO DMs PLEASE","New York, USA",FALSE,"2014-09-30T21:30:11.000Z",NA,"https://pbs.twimg.com/profile_images/1001622425325522945/GLgGU0-j_normal.jpg","sydown",FALSE,"1009747580023201792",2,0,0,0,0,2850,2947,223225,0,NA,"RT @dereck72vapes: @RonDeSantisFL I know, we had the blue green algae really bad in Alligator Lake in Safety Harbor a few weeks ago. Other places much worse with red tide but last I heard it's showing up on St Pete Beach!",FALSE
"6","@ScottforFlorida Or they could visit Ft Myers Beach (no! Closed due to Red Tide), or St Pete (darn also closed from red tide), or Martin Counties beaches (uccchhh also closed due to blue-green algae). 
Too bad #RedTideRick &amp; his corruption have destroyed FL‚Äôs coastlines... . https   twitter com CraftivistG status 1036440365950291968 photo 1",FALSE,"1009193033856901125",2018-09-03 02:26:54,"1036323372999823360","everyone","en","1036440365950291968","306389855","CraftivistG","Postcarding Nasty Woman. Resist every day. Pride without Action is pointless. #HonorThemWithAction.","Wilton Manors, FL",FALSE,"2018-06-19T21:55:43.000Z",NA,"https://pbs.twimg.com/profile_images/1009195330406113280/CXLG_2wt_normal.jpg","CraftivistGrrl",FALSE,NA,1,0,3,0,0,368,361,1377,2,NA,"@ScottforFlorida Or they could visit Ft Myers Beach (no! Closed due to Red Tide), or St Pete (darn also closed from red tide), or Martin Counties beaches (uccchhh also closed due to blue-green algae). 
Too bad #RedTideRick &amp; his corruption have destroyed FL‚Äôs coastlines... https://t.co/6W6xTUgU2P",FALSE
"7","RT @CraftivistG: @ScottforFlorida Or they could visit Ft Myers Beach (no! Closed due to Red Tide), or St Pete (darn also closed from red tide), or Martin Counties beaches (uccchhh also closed due to blue-green algae). 
Too bad #RedTideRick &amp; his corruption have destroyed FL‚Äôs coastlines... . https   twitter com CraftivistG status 1036440365950291968 photo 1",FALSE,"1069413204",2018-09-04 10:22:48,"1036922519180247040","everyone","en","1036922519180247040",NA,"MilitantDucky","Short-tempered geek, misanthropic feminist, semi-pro gerbil herder. Theater-doing bio major, still figuring out what I want to be when I grow up.","Richmond, VA",FALSE,"2013-01-07T23:13:10.000Z",NA,"https://pbs.twimg.com/profile_images/745471144870895617/dGTEZ4Ni_normal.jpg","MilitantRubberDucky",FALSE,NA,1,0,0,0,0,417,1405,9334,12,NA,"RT @CraftivistG: @ScottforFlorida Or they could visit Ft Myers Beach (no! Closed due to Red Tide), or St Pete (darn also closed from red tide), or Martin Counties beaches (uccchhh also closed due to blue-green algae). 
Too bad #RedTideRick &amp; his corruption have destroyed FL‚Äôs coastlines... https://t.co/6W6xTUgU2P",FALSE
"8","Excellent read on the decimation of our marine life on FL Gulf Coast. This is from Treasure Island. #redtiderick #diasterinflorida #cleanwater #toxicalgae #cyanobacteria #voteblue #notolakeo #marinelifemurder

. http   treasurecoast fl newsmemory com publink php",FALSE,"1043959167101358080",2018-09-26 19:41:41,"1045035701069381632","everyone","en","1045035701069381632",NA,"Eyearwood3","Educator - advocate for children and all humanity, 
working to see a better world. 
Using music, art, poetry, history
Teaching empathy, kindness, compassion.",NA,FALSE,"2018-09-23T20:23:56.000Z","https://t.co/UxTeI0UPQT","https://pbs.twimg.com/profile_images/1325477904185167875/NoG0IBZU_normal.jpg","Eve Yearwood",FALSE,"1558896859170603009",0,0,1,0,0,691,1643,20240,3,NA,"Excellent read on the decimation of our marine life on FL Gulf Coast. This is from Treasure Island. #redtiderick #diasterinflorida #cleanwater #toxicalgae #cyanobacteria #voteblue #notolakeo #marinelifemurder

https://t.co/AxTlOnpliu",FALSE
"9","FL: Lake residents frustrated by blue-green algae in St. Pete . https   www fox13news com news lake residents frustrated by algae in st pete",FALSE,"63519179",2019-01-10 00:14:57,"1083155195566219265","everyone","en","1083155195566219265",NA,"canetwork","Primary source for condo & HOA news stories from around the world","Michigan",FALSE,"2009-08-06T19:39:16.000Z","http://t.co/iuKCNjQTKk","https://pbs.twimg.com/profile_images/1022653074509246464/CjLYUJWu_normal.jpg","Community Assns Net",FALSE,NA,0,0,1,0,0,2516,931,33009,48,NA,"FL: Lake residents frustrated by blue-green algae in St. Pete https://t.co/1wMqYioljV",FALSE
"10","Lake residents frustrated by blue-green algae in St. Pete...
 . https   www fox13news com news lake residents frustrated by algae in st pete. https   twitter com LocalVideoFLA status 1083395801991340033 photo 1",FALSE,"1030662556141142016",2019-01-10 16:11:02,"1083395801991340033","everyone","en","1083395801991340033",NA,"LocalVideoFLA","Helping local businesses grow and prosper through the use of video and digital marketing...  https://t.co/E4E6Xdn2q5","Tampa, FL",FALSE,"2018-08-18T03:47:56.000Z","https://t.co/355AvoumDi","https://pbs.twimg.com/profile_images/1313932940129247240/5ihFw8U9_normal.jpg","Local Video Marketing",FALSE,NA,0,0,0,0,0,161,138,7682,1,NA,"Lake residents frustrated by blue-green algae in St. Pete...
https://t.co/zD9x3wTDxI https://t.co/wN7HlCiojv",FALSE
"11","Lake residents frustrated by algae in St. Pete . http   www fox13news com news local news lake residents frustrated by blue green algae in st pete",FALSE,"1004668119238004736",2019-01-15 00:39:17,"1084973259840520192","everyone","en","1084973259840520192",NA,"algawatch","collection of reports on harmful algae blooms","Virginia, USA",FALSE,"2018-06-07T10:15:20.000Z","https://t.co/9IydbBydhJ","https://pbs.twimg.com/profile_images/1028608846477123584/E4-J4Ooz_normal.jpg","algawatch",FALSE,NA,0,0,0,0,0,124,0,406,3,NA,"Lake residents frustrated by algae in St. Pete https://t.co/hfdrvRuWMG",FALSE
"12","FL: Lake residents frustrated by algae in St. Pete . https   www fox13news com news lake residents frustrated by algae in st pete",FALSE,"63519179",2019-01-24 00:55:32,"1088238839452323843","everyone","en","1088238839452323843",NA,"canetwork","Primary source for condo & HOA news stories from around the world","Michigan",FALSE,"2009-08-06T19:39:16.000Z","http://t.co/iuKCNjQTKk","https://pbs.twimg.com/profile_images/1022653074509246464/CjLYUJWu_normal.jpg","Community Assns Net",FALSE,NA,0,0,1,0,0,2516,931,33009,48,NA,"FL: Lake residents frustrated by algae in St. Pete https://t.co/1wMqYioljV",FALSE
"13","@GovRonDeSantis we are headed for another really bad red tide season. I own a home in Madeira Beach on the intercoastal. I‚Äôm asthmatic and hard a very hard time last year. I don‚Äôt think I can survive another year. HELP!
. http   www fox13news com news fox 13 investigates florida s toxic algae crisis conditions ripe for years of blue green algae blooms",FALSE,"132248831",2019-05-22 23:17:58,"1131338443441807360","everyone","en","1131338443441807360","1058807868","midlifewomanon1","Young grandma with the heart of a lioness üíôü§©üíôüá∫üá∏ No DM‚Äôs please. No Lists üö´ Search Vigilant Grandma on Tribel!","Florida, USA",FALSE,"2010-04-12T18:17:46.000Z","https://t.co/NqT688hUM0","https://pbs.twimg.com/profile_images/1605577963910701056/mSmhonEu_normal.jpg","Vigilant Grandma ‚òÆÔ∏è‚ù§Ô∏èüåà",FALSE,"1594825913287737344",1,0,1,0,0,9706,9839,60469,19,NA,"@GovRonDeSantis we are headed for another really bad red tide season. I own a home in Madeira Beach on the intercoastal. I‚Äôm asthmatic and hard a very hard time last year. I don‚Äôt think I can survive another year. HELP!
https://t.co/g7F4imjTvY",FALSE
"14","The Florida Department of Environmental Protection was out at Tierra Verde in Pinellas County on Thursday and determined that the algae is a type of cyanobacteria called lyngbya, reports @angie_angers

. https   www baynews9 com fl tampa news 2019 05 26 gumbo blue green algae discovered in manatee pinellas counties",FALSE,"17308428",2019-05-26 18:03:01,"1132708735594434560","everyone","en","1132708735594434560",NA,"BN9","Breaking news first in Tampa Bay. Continuous updates and in-depth coverage only @BN9, @BN9weather and @BN9Traffic can provide  |  News. Weather. Now.","Tampa Bay area",TRUE,"2008-11-11T12:03:53.000Z","http://t.co/j3OZJEwDmE","https://pbs.twimg.com/profile_images/912176447036502017/BBeoQTuF_normal.jpg","Spectrum Bay News 9",FALSE,NA,5,0,1,2,0,384372,446,145386,1755,NA,"The Florida Department of Environmental Protection was out at Tierra Verde in Pinellas County on Thursday and determined that the algae is a type of cyanobacteria called lyngbya, reports @angie_angers

https://t.co/HvOEpmwRuN",FALSE
"15","RT @BN9: The Florida Department of Environmental Protection was out at Tierra Verde in Pinellas County on Thursday and determined that the algae is a type of cyanobacteria called lyngbya, reports @angie_angers

. https   www baynews9 com fl tampa news 2019 05 26 gumbo blue green algae discovered in manatee pinellas counties",FALSE,"796547322452787204",2019-05-26 18:07:52,"1132709954090164226","everyone","en","1132709954090164226",NA,"darbyfamilySH","üíô ‚òòÔ∏è üßö‚Äç‚ôÄÔ∏è 
 Love our üåé
 Love my Family
NO DM'S PLEASE","üåé",FALSE,"2016-11-10T02:57:35.000Z",NA,"https://pbs.twimg.com/profile_images/891085612270456832/sXTKpZPa_normal.jpg","üáÆüá™DARBYüá∫üá∏",FALSE,NA,5,0,0,0,0,351,1009,24920,0,NA,"RT @BN9: The Florida Department of Environmental Protection was out at Tierra Verde in Pinellas County on Thursday and determined that the algae is a type of cyanobacteria called lyngbya, reports @angie_angers

https://t.co/HvOEpmwRuN",FALSE
"16","RT @BN9: The Florida Department of Environmental Protection was out at Tierra Verde in Pinellas County on Thursday and determined that the algae is a type of cyanobacteria called lyngbya, reports @angie_angers

. https   www baynews9 com fl tampa news 2019 05 26 gumbo blue green algae discovered in manatee pinellas counties",FALSE,"763537721684070402",2019-05-26 22:16:36,"1132772551451709441","everyone","en","1132772551451709441",NA,"ejd922again","","Mobile,al",FALSE,"2016-08-11T00:49:13.000Z",NA,"https://pbs.twimg.com/profile_images/869609281783566338/8Po-Ujan_normal.jpg","LizD",FALSE,NA,5,0,0,0,0,496,634,79199,1,NA,"RT @BN9: The Florida Department of Environmental Protection was out at Tierra Verde in Pinellas County on Thursday and determined that the algae is a type of cyanobacteria called lyngbya, reports @angie_angers

https://t.co/HvOEpmwRuN",FALSE
"17","RT @BN9: The Florida Department of Environmental Protection was out at Tierra Verde in Pinellas County on Thursday and determined that the algae is a type of cyanobacteria called lyngbya, reports @angie_angers

. https   www baynews9 com fl tampa news 2019 05 26 gumbo blue green algae discovered in manatee pinellas counties",FALSE,"274642013",2019-05-27 01:37:14,"1132823040155422721","everyone","en","1132823040155422721",NA,"PuggieSue","","Florida",FALSE,"2011-03-30T18:00:18.000Z",NA,"https://pbs.twimg.com/profile_images/500471800502165505/lEtsXEE__normal.jpeg","Suzanne Ryan",FALSE,NA,5,0,0,0,0,338,248,174734,2,NA,"RT @BN9: The Florida Department of Environmental Protection was out at Tierra Verde in Pinellas County on Thursday and determined that the algae is a type of cyanobacteria called lyngbya, reports @angie_angers

https://t.co/HvOEpmwRuN",FALSE
"18","RT @BN9: The Florida Department of Environmental Protection was out at Tierra Verde in Pinellas County on Thursday and determined that the algae is a type of cyanobacteria called lyngbya, reports @angie_angers

. https   www baynews9 com fl tampa news 2019 05 26 gumbo blue green algae discovered in manatee pinellas counties",FALSE,"80612347",2019-05-27 21:41:50,"1133126187503554560","everyone","en","1133126187503554560",NA,"yourwinner","looking for honesty no lies","in your mind",FALSE,"2009-10-07T16:14:55.000Z","https://t.co/f3j7Z0Cubu","https://pbs.twimg.com/profile_images/1231737483995570176/iG46nXSN_normal.jpg","LEE",FALSE,NA,5,0,0,0,0,1676,4787,179480,252,NA,"RT @BN9: The Florida Department of Environmental Protection was out at Tierra Verde in Pinellas County on Thursday and determined that the algae is a type of cyanobacteria called lyngbya, reports @angie_angers

https://t.co/HvOEpmwRuN",FALSE
"19","RT @midlifewomanon1: @GovRonDeSantis we are headed for another really bad red tide season. I own a home in Madeira Beach on the intercoastal. I‚Äôm asthmatic and hard a very hard time last year. I don‚Äôt think I can survive another year. HELP!
. http   www fox13news com news fox 13 investigates florida s toxic algae crisis conditions ripe for years of blue green algae blooms",FALSE,"80612347",2019-05-27 22:01:38,"1133131173545295873","everyone","en","1133131173545295873",NA,"yourwinner","looking for honesty no lies","in your mind",FALSE,"2009-10-07T16:14:55.000Z","https://t.co/f3j7Z0Cubu","https://pbs.twimg.com/profile_images/1231737483995570176/iG46nXSN_normal.jpg","LEE",FALSE,NA,1,0,0,0,0,1676,4787,179480,252,NA,"RT @midlifewomanon1: @GovRonDeSantis we are headed for another really bad red tide season. I own a home in Madeira Beach on the intercoastal. I‚Äôm asthmatic and hard a very hard time last year. I don‚Äôt think I can survive another year. HELP!
https://t.co/g7F4imjTvY",FALSE
"20","RT @BN9: The Florida Department of Environmental Protection was out at Tierra Verde in Pinellas County on Thursday and determined that the algae is a type of cyanobacteria called lyngbya, reports @angie_angers

. https   www baynews9 com fl tampa news 2019 05 26 gumbo blue green algae discovered in manatee pinellas counties",FALSE,"80612347",2019-06-01 03:20:54,"1134661070189223936","everyone","en","1134661070189223936",NA,"yourwinner","looking for honesty no lies","in your mind",FALSE,"2009-10-07T16:14:55.000Z","https://t.co/f3j7Z0Cubu","https://pbs.twimg.com/profile_images/1231737483995570176/iG46nXSN_normal.jpg","LEE",FALSE,NA,5,0,0,0,0,1676,4787,179480,252,NA,"RT @BN9: The Florida Department of Environmental Protection was out at Tierra Verde in Pinellas County on Thursday and determined that the algae is a type of cyanobacteria called lyngbya, reports @angie_angers

https://t.co/HvOEpmwRuN",FALSE
"21","‚Äù#Photosynthesis and Hydrogen Energy Research for #Sustainability‚Äù meeting in St. Petersburg. Gadi Schuster, Taras Antal, Szilvia Toth and Fang Huang are giving overview on #biohydrogen and #bioelectricity generation using green #algae and #cyanobacteria. . https   twitter com SergeyKosourov status 1143389269924483072 photo 1",FALSE,"766163012315148288",2019-06-25 05:23:39,"1143389269924483072","everyone","en","1143389269924483072",NA,"SergeyKosourov","Senior researcher @UniTurku interested in #H2 metabolism in green #algae and #cyanobacteria, currently working on the concept of solid-state cell factories","Turku, Finland",FALSE,"2016-08-18T06:41:11.000Z","https://t.co/82KKWkM80s","https://pbs.twimg.com/profile_images/1271923926801801223/l_y3Jnpa_normal.jpg","Sergey Kosourov",FALSE,"1326293600632786945",0,1,2,0,0,167,205,238,1,NA,"‚Äù#Photosynthesis and Hydrogen Energy Research for #Sustainability‚Äù meeting in St. Petersburg. Gadi Schuster, Taras Antal, Szilvia Toth and Fang Huang are giving overview on #biohydrogen and #bioelectricity generation using green #algae and #cyanobacteria. https://t.co/pklMnqHchn",FALSE
"22","Biohydrogen evening section. My talk on the pulse-illumination protocol was in the morning section. Thanks all participants for the questions and discussion.. ",FALSE,"766163012315148288",2019-06-25 05:32:26,"1143389269924483072","everyone","en","1143391481245442048","766163012315148288","SergeyKosourov","Senior researcher @UniTurku interested in #H2 metabolism in green #algae and #cyanobacteria, currently working on the concept of solid-state cell factories","Turku, Finland",FALSE,"2016-08-18T06:41:11.000Z","https://t.co/82KKWkM80s","https://pbs.twimg.com/profile_images/1271923926801801223/l_y3Jnpa_normal.jpg","Sergey Kosourov",FALSE,"1632752551698345985",0,0,1,0,0,173,217,244,1,NA,"Biohydrogen evening section. My talk on the pulse-illumination protocol was in the morning section. Thanks all participants for the questions and discussion.",TRUE
"23","Was in Miss. the other day and now if Florida... Still, Republicans deny everything about Climate Change.  
#ToxicBlueGreanAlgae
. https   www tampabay com environment noxious blue green algae blooms spotted in gulfport and treasure island 20190702",FALSE,"1598574949",2019-07-03 01:55:20,"1146235945420828672","everyone","en","1146235945420828672",NA,"democraticbear","Lifelong Partisan Democrat; Fmr. Civil Defense Counsel; Fmr. State Prosecutor; Epilepsy Foundation; FL Dems; South Florida. üå¥üíâ","Lake Worth Beach, FL",FALSE,"2013-07-16T14:37:04.000Z",NA,"https://pbs.twimg.com/profile_images/378800000169071701/0d4449d5585d98df52f92377b6212539_normal.png","Adam B. Bear",FALSE,"1543112791762112512",2,0,4,0,0,18454,15233,75754,129,NA,"Was in Miss. the other day and now if Florida... Still, Republicans deny everything about Climate Change.  
#ToxicBlueGreanAlgae
https://t.co/dPHStwwg6o",FALSE
"24","RT @democraticbear: Was in Miss. the other day and now if Florida... Still, Republicans deny everything about Climate Change.  
#ToxicBlueGreanAlgae
. https   www tampabay com environment noxious blue green algae blooms spotted in gulfport and treasure island 20190702",FALSE,"2491220589",2019-07-03 02:23:05,"1146242930576957440","everyone","en","1146242930576957440",NA,"AddisonSunshine","",NA,FALSE,"2014-04-18T03:39:03.000Z",NA,"https://pbs.twimg.com/profile_images/790099419798573057/TVTu1j4U_normal.jpg","Sunshine Addison",FALSE,NA,2,0,0,0,0,831,881,119414,1,NA,"RT @democraticbear: Was in Miss. the other day and now if Florida... Still, Republicans deny everything about Climate Change.  
#ToxicBlueGreanAlgae
https://t.co/dPHStwwg6o",FALSE
"25","RT @democraticbear: Was in Miss. the other day and now if Florida... Still, Republicans deny everything about Climate Change.  
#ToxicBlueGreanAlgae
. https   www tampabay com environment noxious blue green algae blooms spotted in gulfport and treasure island 20190702",FALSE,"333186188",2019-07-03 02:34:33,"1146245817457623043","everyone","en","1146245817457623043",NA,"Batch4Change","Retired w/Wygal","Colorado, USA",FALSE,"2011-07-11T03:54:02.000Z",NA,"https://pbs.twimg.com/profile_images/894371965774872577/3r5Vvqxx_normal.jpg","Batch üá∫üá¶Stands With Ukraineüá∫üá¶",FALSE,"1127238948391145474",2,0,0,0,0,1439,2512,83261,16,NA,"RT @democraticbear: Was in Miss. the other day and now if Florida... Still, Republicans deny everything about Climate Change.  
#ToxicBlueGreanAlgae
https://t.co/dPHStwwg6o",FALSE
"26","Noxious blue-green #algae blooms popping up all over #Florida -- the latest ones in Pinellas County . https   www tampabay com environment noxious blue green algae blooms spotted in gulfport and treasure island 20190702",FALSE,"62575859",2019-07-03 12:53:07,"1146401484856315905","everyone","en","1146401484856315905",NA,"craigtimes","THE STATE YOU'RE IN & MANATEE INSANITY both out in paperback now! Other books: NYT bestseller OH, FLORIDA! & CAT TALE. Columnist, Florida Phoenix. Florida man.","St. Petersburg FL",FALSE,"2009-08-03T17:55:56.000Z","https://t.co/Y1kqEYKFCg","https://pbs.twimg.com/profile_images/1438867672494657541/cMKAyT15_normal.jpg","Craig Pittman",FALSE,"1437092398249689093",4,1,3,1,0,20635,2287,180304,860,NA,"Noxious blue-green #algae blooms popping up all over #Florida -- the latest ones in Pinellas County https://t.co/wZwr846UBI",FALSE
"27","RT @craigtimes: Noxious blue-green #algae blooms popping up all over #Florida -- the latest ones in Pinellas County . https   www tampabay com environment noxious blue green algae blooms spotted in gulfport and treasure island 20190702",FALSE,"93697685",2019-07-03 13:08:59,"1146405478693576704","everyone","en","1146405478693576704",NA,"WildFlPhoto","Florida Master Naturalist, nature guide & photographer.
@NaturePaul@universeodon.com","Volusia County, Florida",FALSE,"2009-11-30T19:40:27.000Z","https://t.co/GwbnypyzIf","https://pbs.twimg.com/profile_images/1504265221870960641/UKCT9oRw_normal.jpg","Paul Rebmann",FALSE,"1584516200016801794",4,0,0,0,0,1228,1367,22619,87,NA,"RT @craigtimes: Noxious blue-green #algae blooms popping up all over #Florida -- the latest ones in Pinellas County https://t.co/wZwr846UBI",FALSE
"28","RIGHT NOW: @PinellasCoNews is tracking some Lyngbya blue green algae blooms in both Gulfport and Treasure Island. Swimming in it can make you sick. @abcactionnews #PinellasCounty #Florida . https   twitter com SarahHollenbeck status 1146438007844720640 photo 1",FALSE,"19272161",2019-07-03 15:18:15,"1146438007844720640","everyone","en","1146438007844720640",NA,"SarahHollenbeck","TV News in-depth storytelling manager @abcactionnews, Chicago native, @mizzou journalism alum, mom, dog lover. IL-MO-FL-KS-back to FL","St Petersburg, FL",TRUE,"2009-01-21T02:39:00.000Z","https://t.co/bBF2G5DfCy","https://pbs.twimg.com/profile_images/1152053776548847617/b6vHLltq_normal.jpg","Sarah J. Hollenbeck",FALSE,NA,1,0,0,0,0,4639,2083,13689,182,"0fcc4fe065d47000","RIGHT NOW: @PinellasCoNews is tracking some Lyngbya blue green algae blooms in both Gulfport and Treasure Island. Swimming in it can make you sick. @abcactionnews #PinellasCounty #Florida https://t.co/igqE6IzAQW",FALSE
"29","RT @SarahHollenbeck: RIGHT NOW: @PinellasCoNews is tracking some Lyngbya blue green algae blooms in both Gulfport and Treasure Island. Swimming in it can make you sick. @abcactionnews #PinellasCounty #Florida . https   twitter com SarahHollenbeck status 1146438007844720640 photo 1",FALSE,"17710268",2019-07-03 15:19:36,"1146438346450907136","everyone","en","1146438346450907136",NA,"JillianTV","Wife, Mom - @ucfalumni ‚Äò09 - @tblightning freak - @oldsmar born and raised - Journalist @abcactionnews - I went viral once","Palm Harbor, FL",FALSE,"2008-11-28T15:17:43.000Z",NA,"https://pbs.twimg.com/profile_images/1564383052259893252/bTggdpKm_normal.jpg","Jillian Ramos",FALSE,NA,1,0,0,0,0,2320,3681,55607,63,NA,"RT @SarahHollenbeck: RIGHT NOW: @PinellasCoNews is tracking some Lyngbya blue green algae blooms in both Gulfport and Treasure Island. Swimming in it can make you sick. @abcactionnews #PinellasCounty #Florida https://t.co/igqE6IzAQW",FALSE
"30","RT @craigtimes: Noxious blue-green #algae blooms popping up all over #Florida -- the latest ones in Pinellas County . https   www tampabay com environment noxious blue green algae blooms spotted in gulfport and treasure island 20190702",FALSE,"2414913756",2019-07-03 15:37:10,"1146442770212691968","everyone","en","1146442770212691968",NA,"LeChatNoire4","#VOTE BLUE 2022 üåäüá∫üá∏üåä #BuyARepublicanToday! no DM‚Äôs","Florida",FALSE,"2014-03-27T21:29:48.000Z",NA,"https://pbs.twimg.com/profile_images/1044311228661694464/8WGI5ptD_normal.jpg","Le Chat Biden Democrat",FALSE,"1222268511134896129",4,0,0,0,0,14255,13707,1103614,336,NA,"RT @craigtimes: Noxious blue-green #algae blooms popping up all over #Florida -- the latest ones in Pinellas County https://t.co/wZwr846UBI",FALSE
"31","RT @craigtimes: Noxious blue-green #algae blooms popping up all over #Florida -- the latest ones in Pinellas County . https   www tampabay com environment noxious blue green algae blooms spotted in gulfport and treasure island 20190702",FALSE,"47605629",2019-07-04 20:09:56,"1146873798119055361","everyone","en","1146873798119055361",NA,"mmbtox","toxicologist, junior faculty, mommy to unruly geniuses","sunshine state",FALSE,"2009-06-16T11:53:38.000Z",NA,"https://pbs.twimg.com/profile_images/2333385450/fc4kdnmlq5wmm9hvs8w0_normal.jpeg","marie bourgeois",FALSE,"1160437693052084225",4,0,0,0,0,1469,2073,39019,99,NA,"RT @craigtimes: Noxious blue-green #algae blooms popping up all over #Florida -- the latest ones in Pinellas County https://t.co/wZwr846UBI",FALSE
"32","RT @craigtimes: Noxious blue-green #algae blooms popping up all over #Florida -- the latest ones in Pinellas County . https   www tampabay com environment noxious blue green algae blooms spotted in gulfport and treasure island 20190702",FALSE,"2418190468",2019-07-07 19:25:48,"1147949857447043072","everyone","en","1147949857447043072",NA,"TknbyWind","üåäüåäüåäüåäüåä‚úåÔ∏è","USA",FALSE,"2014-03-17T18:34:09.000Z",NA,"https://pbs.twimg.com/profile_images/1325633516382658560/Mj_CDAbj_normal.jpg","TknbyWind",FALSE,NA,4,0,0,0,0,263,321,38182,72,NA,"RT @craigtimes: Noxious blue-green #algae blooms popping up all over #Florida -- the latest ones in Pinellas County https://t.co/wZwr846UBI",FALSE
"33","From St Petersburg Sustainability Council:
Many thanks to Craig Pittman for this blue-green 'algae' tutorial. Now let's hope Governor DeSantis carefully reads the part about stopping the fuel that feeds the algae,... . https   www facebook com koreenbrennan posts 10157457528514198",FALSE,"2411466912",2019-07-11 03:20:09,"1149156396379848706","everyone","en","1149156396379848706",NA,"KoreenBrennan","Permaculture educator, designer, dreamer, farmer, facilitator and student of the natural world, https://t.co/RGw6BaOxYK,   @koreenbrennan@spore.social","Florida",FALSE,"2014-03-25T19:58:39.000Z","https://t.co/mCFWBzKpuK","https://pbs.twimg.com/profile_images/1185362869300404224/0qDJG8gQ_normal.jpg","Koreen Brennan",FALSE,"1593444846823424002",0,0,0,0,0,428,2786,5639,4,NA,"From St Petersburg Sustainability Council:
Many thanks to Craig Pittman for this blue-green 'algae' tutorial. Now let's hope Governor DeSantis carefully reads the part about stopping the fuel that feeds the algae,... https://t.co/cHIrX9xzv2",FALSE
"34","Likely Trichodesium bloom (toxic cyanobacteria) from the west coast of Florida. Imagery by Chuanmin Hu, U South. Florida. @NASAEarth  @craigtimes Observed initially by Lisa Robbins of St.Petersburg. @HealthyFla This is unfortunately lurking due to runoff of  man-made nutrients. . ",FALSE,"259275353",2020-06-20 18:04:56,"1274402870050328576","everyone","en","1274402870050328576",NA,"MitchRoffer","Fishing Oceanography, consultant, Founder ROFFS‚Ñ¢ (1988/sold 2018), U. Miami RSMAS (Ph.D.), CW Post LIU, Univ. MD (BS), Columbia Grammar School, PS 21 Yonkers.","Melbourne Beach, FL",FALSE,"2011-03-01T14:37:41.000Z",NA,"https://pbs.twimg.com/profile_images/423181604572262401/ARduE8ec_normal.jpeg","Mitchell (Ukrainian) Roffer, Ph.D.",FALSE,NA,0,0,2,0,0,800,1720,29419,83,NA,"Likely Trichodesium bloom (toxic cyanobacteria) from the west coast of Florida. Imagery by Chuanmin Hu, U South. Florida. @NASAEarth  @craigtimes Observed initially by Lisa Robbins of St.Petersburg. @HealthyFla This is unfortunately lurking due to runoff of  man-made nutrients. https://t.co/maO2QTb8O0",FALSE
"35","Congratulations to Antarctic field team member Svetlana Smirnova of the Komarov Botanical Institute RAS and her colleagues @ St. Petersburg State University, Russia for their great review of Antarctic cyanobacteria now online @ Hydrobiologia:  . https   link springer com article 10 1007 s10750 021 04588 9. https   twitter com daleandersen status 1388556810718695426 photo 1",FALSE,"23552853",2021-05-01 18:11:56,"1388556810718695426","everyone","en","1388556810718695426",NA,"daleandersen","Polar Limnologist
Carl Sagan Center, SETI Institute
Exploring Life in Extreme Environments
Understanding Early Earth & Early Mars",NA,FALSE,"2009-03-10T03:47:27.000Z","https://t.co/eh4tfURpCm","https://pbs.twimg.com/profile_images/3474173462/533cf7dc19b110223038fe0494470730_normal.jpeg","Dale Andersen",FALSE,"1362469510993821698",5,0,17,2,0,657,667,1596,50,NA,"Congratulations to Antarctic field team member Svetlana Smirnova of the Komarov Botanical Institute RAS and her colleagues @ St. Petersburg State University, Russia for their great review of Antarctic cyanobacteria now online @ Hydrobiologia: https://t.co/wawSCpPw9l https://t.co/8QA1GzBaht",FALSE
"36","RT @daleandersen: Congratulations to Antarctic field team member Svetlana Smirnova of the Komarov Botanical Institute RAS and her colleagues @ St. Petersburg State University, Russia for their great review of Antarctic cyanobacteria now online @ Hydrobiologia:  . https   link springer com article 10 1007 s10750 021 04588 9. https   twitter com daleandersen status 1388556810718695426 photo 1",FALSE,"11214332",2021-05-01 18:24:39,"1388560011605987333","everyone","en","1388560011605987333",NA,"astrobiology","Exploring the living universe.","Universe",FALSE,"2007-12-16T04:58:36.000Z","https://t.co/Q66n4I2FSa","https://pbs.twimg.com/profile_images/1559250661996371968/S2FfsnKu_normal.jpg","Astrobiology",FALSE,NA,5,0,0,0,0,26871,1688,22643,773,NA,"RT @daleandersen: Congratulations to Antarctic field team member Svetlana Smirnova of the Komarov Botanical Institute RAS and her colleagues @ St. Petersburg State University, Russia for their great review of Antarctic cyanobacteria now online @ Hydrobiologia: https://t.co/wawSCpPw9l https://t.co/8QA1GzBaht",FALSE
"37","RT @daleandersen: Congratulations to Antarctic field team member Svetlana Smirnova of the Komarov Botanical Institute RAS and her colleagues @ St. Petersburg State University, Russia for their great review of Antarctic cyanobacteria now online @ Hydrobiologia:  . https   link springer com article 10 1007 s10750 021 04588 9. https   twitter com daleandersen status 1388556810718695426 photo 1",FALSE,"241640639",2021-05-01 18:24:45,"1388560034603360262","everyone","en","1388560034603360262",NA,"spacepolar","Exploring the parallels and synergies between polar and space exploration.","The Poles - and Space",FALSE,"2011-01-22T19:36:34.000Z","http://t.co/JRdMCAuKDY","https://pbs.twimg.com/profile_images/1222945118/Earth.Antarctica-India.2_normal.jpg","spacepolar",FALSE,NA,5,0,0,0,0,3871,189,9461,101,NA,"RT @daleandersen: Congratulations to Antarctic field team member Svetlana Smirnova of the Komarov Botanical Institute RAS and her colleagues @ St. Petersburg State University, Russia for their great review of Antarctic cyanobacteria now online @ Hydrobiologia: https://t.co/wawSCpPw9l https://t.co/8QA1GzBaht",FALSE
"38","RT @daleandersen: Congratulations to Antarctic field team member Svetlana Smirnova of the Komarov Botanical Institute RAS and her colleagues @ St. Petersburg State University, Russia for their great review of Antarctic cyanobacteria now online @ Hydrobiologia:  . https   link springer com article 10 1007 s10750 021 04588 9. https   twitter com daleandersen status 1388556810718695426 photo 1",FALSE,"1256280966101942273",2021-05-01 19:27:45,"1388575890934800393","everyone","en","1388575890934800393",NA,"msep0003","T√©cnico superior en laboratorio de Diagn√≥stico cl√≠nico.

Bioqu√≠mica, Hematolog√≠a y Microbiolog√≠a

Y mucha Historia.

LIVG delenda est","ŒöœâŒΩœÉœÑŒ±ŒΩœÑŒπŒΩŒøœçœÄŒøŒªŒπœÇ Imp. Romano",FALSE,"2020-05-01T17:55:07.000Z","https://t.co/uxxbqpaAym","https://pbs.twimg.com/profile_images/1281728645137158145/EyhDEU1F_normal.jpg","Michelangelo ŒíŒµŒªŒπœÉŒ¨œÅŒπŒøœÇ üß´ü¶†‚öîÔ∏èüõ°Ô∏èüá™üá∏üá¨üá∑üáÆüáπüá≤üá≥",FALSE,"1414199444195643399",5,0,0,0,0,1458,5014,395807,5,NA,"RT @daleandersen: Congratulations to Antarctic field team member Svetlana Smirnova of the Komarov Botanical Institute RAS and her colleagues @ St. Petersburg State University, Russia for their great review of Antarctic cyanobacteria now online @ Hydrobiologia: https://t.co/wawSCpPw9l https://t.co/8QA1GzBaht",FALSE
"39","RT @daleandersen: Congratulations to Antarctic field team member Svetlana Smirnova of the Komarov Botanical Institute RAS and her colleagues @ St. Petersburg State University, Russia for their great review of Antarctic cyanobacteria now online @ Hydrobiologia:  . https   link springer com article 10 1007 s10750 021 04588 9. https   twitter com daleandersen status 1388556810718695426 photo 1",FALSE,"955125510383833088",2021-05-01 19:54:26,"1388582606850064385","everyone","en","1388582606850064385",NA,"yashdevasurmutt","#Researcher üî¨|#AspiringAstronaut üë®‚ÄçüöÄüöÄ|#Adventurer üèïÔ∏èüèîÔ∏è‚õ∞Ô∏èüèçÔ∏è|#Tardigradehunter|#photographer üì∏|RT‚â†endorsement|Opinions are personal|@IndiaCOVIDSOS","India",FALSE,"2018-01-21T17:10:41.000Z","https://t.co/irucVJ7e5f","https://pbs.twimg.com/profile_images/1118413771771224064/ZMQ7rwp5_normal.jpg","Yashas Devasurmutt",FALSE,NA,5,0,0,0,0,200,330,7373,2,NA,"RT @daleandersen: Congratulations to Antarctic field team member Svetlana Smirnova of the Komarov Botanical Institute RAS and her colleagues @ St. Petersburg State University, Russia for their great review of Antarctic cyanobacteria now online @ Hydrobiologia: https://t.co/wawSCpPw9l https://t.co/8QA1GzBaht",FALSE
"40","RT @daleandersen: Congratulations to Antarctic field team member Svetlana Smirnova of the Komarov Botanical Institute RAS and her colleagues @ St. Petersburg State University, Russia for their great review of Antarctic cyanobacteria now online @ Hydrobiologia:  . https   link springer com article 10 1007 s10750 021 04588 9. https   twitter com daleandersen status 1388556810718695426 photo 1",FALSE,"851460985697308672",2021-05-02 11:47:55,"1388822558619938817","everyone","en","1388822558619938817",NA,"sannemdt","Ecologist working with freshwater ecosystems and environmental change in the Arctic. PhD fellow @FBL_UCPH, tweeting for @APECSDenmark.","Copenhagen, Denmark",FALSE,"2017-04-10T15:44:53.000Z",NA,"https://pbs.twimg.com/profile_images/1510568718564274180/pLSRaG9D_normal.jpg","Sanne Moedt",FALSE,NA,5,0,0,0,0,672,2383,503,3,NA,"RT @daleandersen: Congratulations to Antarctic field team member Svetlana Smirnova of the Komarov Botanical Institute RAS and her colleagues @ St. Petersburg State University, Russia for their great review of Antarctic cyanobacteria now online @ Hydrobiologia: https://t.co/wawSCpPw9l https://t.co/8QA1GzBaht",FALSE
"41","A @GovRonDeSantis roundtable on #RedTide happening right now in St. Pete. 

There's been expert discussion on new technology, blue-green algae and #LakeO. 

One thing that hasn't been mentioned yet? The 800 dead manatees this year. ",FALSE,"1239172640",2021-06-17 15:18:02,"1405545278535573506","everyone","en","1405545278535573506",NA,"MaxChesnes","Environment reporter @TB_Times. Past: @tcpenvironmentüíß 2022 @MetcalfURI Fellow. @UFJSchool alum. Drone pilot. #ReadLocal","St Petersburg, FL",TRUE,"2013-03-03T15:29:18.000Z","https://t.co/XqBqJqqUrm","https://pbs.twimg.com/profile_images/1565022647829893121/osNHuVp6_normal.jpg","Max Chesnes",FALSE,"1617929674562342920",13,1,35,1,0,7720,2990,11469,127,NA,"A @GovRonDeSantis roundtable on #RedTide happening right now in St. Pete. 

There's been expert discussion on new technology, blue-green algae and #LakeO. 

One thing that hasn't been mentioned yet? The 800 dead manatees this year",FALSE
"42","RT @MaxChesnes: A @GovRonDeSantis roundtable on #RedTide happening right now in St. Pete. 

There's been expert discussion on new technology, blue-green algae and #LakeO. 

One thing that hasn't been mentioned yet? The 800 dead manatees this year. ",FALSE,"799381514",2021-06-17 15:19:32,"1405545652982095874","everyone","en","1405545652982095874",NA,"thisfloridalife","Dani. Helping you have fun in Central Florida üçäüå¥Managing Editor @orlandodatenite + @orlandoparentng +@tampadatenite üíªWriter @tbparenting","Orlando, FL",FALSE,"2012-09-03T01:27:21.000Z","https://t.co/Su2ZI8RdCk","https://pbs.twimg.com/profile_images/960574698131263489/VDLcuSRH_normal.jpg","Dani | ThisFloridaLife",FALSE,NA,13,0,0,0,0,6408,2969,82454,153,NA,"RT @MaxChesnes: A @GovRonDeSantis roundtable on #RedTide happening right now in St. Pete. 

There's been expert discussion on new technology, blue-green algae and #LakeO. 

One thing that hasn't been mentioned yet? The 800 dead manatees this year",FALSE
"43","RT @MaxChesnes: A @GovRonDeSantis roundtable on #RedTide happening right now in St. Pete. 

There's been expert discussion on new technology, blue-green algae and #LakeO. 

One thing that hasn't been mentioned yet? The 800 dead manatees this year. ",FALSE,"33723051",2021-06-17 15:24:00,"1405546779257487362","everyone","en","1405546779257487362",NA,"officialare_j","Personal acct. üá≤üáΩ. Deputy Comms Director, @flhousedems. Love my plants #plantpapi ü™¥. Œ£ŒõŒí. @floridastate alumnus. All Tweets are my own. RTs ‚â† endorsements.","Florida, USA",FALSE,"2009-04-20T23:54:38.000Z",NA,"https://pbs.twimg.com/profile_images/1605015965044973568/WCaBKzOS_normal.jpg","joey arellano",FALSE,NA,13,0,0,0,0,1145,1119,109722,18,NA,"RT @MaxChesnes: A @GovRonDeSantis roundtable on #RedTide happening right now in St. Pete. 

There's been expert discussion on new technology, blue-green algae and #LakeO. 

One thing that hasn't been mentioned yet? The 800 dead manatees this year",FALSE
"44","Roundtable concludes after Gov. takes questions on 2020 election (from @fineout maybe?) and Florida law enforcement being sent to border 

No update or mention of manatee response from state wildlife officials today. ",FALSE,"1239172640",2021-06-17 15:37:28,"1405545278535573506","everyone","en","1405550166812286979","1239172640","MaxChesnes","Environment reporter @TB_Times. Past: @tcpenvironmentüíß 2022 @MetcalfURI Fellow. @UFJSchool alum. Drone pilot. #ReadLocal","St Petersburg, FL",FALSE,"2013-03-03T15:29:18.000Z","https://t.co/XqBqJqqUrm","https://pbs.twimg.com/profile_images/1642548435302612992/iNQuGQwC_normal.jpg","Max Chesnes",FALSE,"1626598732413427714",1,2,7,0,0,7812,3147,11749,133,NA,"Roundtable concludes after Gov. takes questions on 2020 election (from @fineout maybe?) and Florida law enforcement being sent to border 

No update or mention of manatee response from state wildlife officials today",TRUE
"45","RT @MaxChesnes: A @GovRonDeSantis roundtable on #RedTide happening right now in St. Pete. 

There's been expert discussion on new technology, blue-green algae and #LakeO. 

One thing that hasn't been mentioned yet? The 800 dead manatees this year. ",FALSE,"853887504",2021-06-17 15:38:02,"1405550308474998794","everyone","en","1405550308474998794",NA,"JMMeszaros","All Things Considered host and sustainability reporter for @WUSF, @NPR for the Tampa Bay area. (she/her) Retweets are not endorsements.","Tampa, FL",TRUE,"2012-09-30T01:22:48.000Z","https://t.co/8jklgDElo5","https://pbs.twimg.com/profile_images/1346968771748114434/SuJXG2gN_normal.jpg","Jessica Meszaros",FALSE,"1523438730370973697",13,0,0,0,0,1004,1412,2812,54,NA,"RT @MaxChesnes: A @GovRonDeSantis roundtable on #RedTide happening right now in St. Pete. 

There's been expert discussion on new technology, blue-green algae and #LakeO. 

One thing that hasn't been mentioned yet? The 800 dead manatees this year",FALSE
"46","RT @MaxChesnes: A @GovRonDeSantis roundtable on #RedTide happening right now in St. Pete. 

There's been expert discussion on new technology, blue-green algae and #LakeO. 

One thing that hasn't been mentioned yet? The 800 dead manatees this year. ",FALSE,"17669628",2021-06-17 15:41:01,"1405551063147683842","everyone","en","1405551063147683842",NA,"iamsharpe","Run @evergreenstrat. Past: @NelsonForSenate, @SenBillNelson, @New_BlueDC, @FlaDems, @CATECOMM, @OFA. Opinions are my own, unless others share them.","Tallahassee, FL",FALSE,"2008-11-27T04:29:43.000Z","https://t.co/bN0yx9bANs","https://pbs.twimg.com/profile_images/1484728581804769281/PT2TxJSi_normal.jpg","Ben Sharpe",FALSE,NA,13,0,0,0,0,5781,4373,71029,172,NA,"RT @MaxChesnes: A @GovRonDeSantis roundtable on #RedTide happening right now in St. Pete. 

There's been expert discussion on new technology, blue-green algae and #LakeO. 

One thing that hasn't been mentioned yet? The 800 dead manatees this year",FALSE
"47","yep it was @fineout . https   twitter com fineout status 1405551288859959298",FALSE,"1239172640",2021-06-17 15:43:50,"1405545278535573506","everyone","en","1405551771251097600","1239172640","MaxChesnes","Environment reporter @TB_Times. Past: @tcpenvironmentüíß 2022 @MetcalfURI Fellow. @UFJSchool alum. Drone pilot. #ReadLocal","St Petersburg, FL",FALSE,"2013-03-03T15:29:18.000Z","https://t.co/XqBqJqqUrm","https://pbs.twimg.com/profile_images/1642548435302612992/iNQuGQwC_normal.jpg","Max Chesnes",FALSE,"1626598732413427714",0,2,3,0,0,7812,3147,11749,133,NA,"yep it was @fineout https://t.co/ptcZYzx1PV",TRUE
"48","RT @MaxChesnes: A @GovRonDeSantis roundtable on #RedTide happening right now in St. Pete. 

There's been expert discussion on new technology, blue-green algae and #LakeO. 

One thing that hasn't been mentioned yet? The 800 dead manatees this year. ",FALSE,"65658415",2021-06-17 15:44:26,"1405551922816372744","everyone","en","1405551922816372744",NA,"FoEverglades","Founded in 1969 by Marjory Stoneman Douglas, our mission is to protect, preserve & restore the only Everglades in the world. Science-driven, solutions-focused.","South Florida",FALSE,"2009-08-14T15:21:38.000Z","https://t.co/pxB4byokA3","https://pbs.twimg.com/profile_images/1380223893504466947/AnNcHo83_normal.jpg","Friends of the Everglades",FALSE,"1616141628720152577",13,0,0,0,0,7581,1094,2980,133,NA,"RT @MaxChesnes: A @GovRonDeSantis roundtable on #RedTide happening right now in St. Pete. 

There's been expert discussion on new technology, blue-green algae and #LakeO. 

One thing that hasn't been mentioned yet? The 800 dead manatees this year",FALSE
"49","RT @MaxChesnes: A @GovRonDeSantis roundtable on #RedTide happening right now in St. Pete. 

There's been expert discussion on new technology, blue-green algae and #LakeO. 

One thing that hasn't been mentioned yet? The 800 dead manatees this year. ",FALSE,"844664628605046785",2021-06-17 15:52:04,"1405553840221474819","everyone","en","1405553840221474819",NA,"gilson_kathleen","",NA,FALSE,"2017-03-22T21:38:35.000Z",NA,"https://abs.twimg.com/sticky/default_profile_images/default_profile_normal.png","Kathleen Gilson",FALSE,NA,13,0,0,0,0,72,1064,13645,1,NA,"RT @MaxChesnes: A @GovRonDeSantis roundtable on #RedTide happening right now in St. Pete. 

There's been expert discussion on new technology, blue-green algae and #LakeO. 

One thing that hasn't been mentioned yet? The 800 dead manatees this year",FALSE
"50","RT @MaxChesnes: A @GovRonDeSantis roundtable on #RedTide happening right now in St. Pete. 

There's been expert discussion on new technology, blue-green algae and #LakeO. 

One thing that hasn't been mentioned yet? The 800 dead manatees this year. ",FALSE,"755408142",2021-06-17 16:07:24,"1405557702277931009","everyone","en","1405557702277931009",NA,"MikeStucka","Dad. Doofus. Data dork. Now Florida Man.
Coffee tastes absolutely horrible.
@mikestucka@mastodon.sdf.org","Florida",FALSE,"2012-08-13T16:16:24.000Z",NA,"https://pbs.twimg.com/profile_images/654314806275645441/hZCcDiBv_normal.jpg","Mike Stucka",FALSE,NA,13,0,0,0,0,2343,5002,66889,75,NA,"RT @MaxChesnes: A @GovRonDeSantis roundtable on #RedTide happening right now in St. Pete. 

There's been expert discussion on new technology, blue-green algae and #LakeO. 

One thing that hasn't been mentioned yet? The 800 dead manatees this year",FALSE
"51","@MaxChesnes @fineout Too busy trying to get a gotcha.
Then wonders why no one pays attention to him.. ",FALSE,"1000442191599239169",2021-06-17 18:56:31,"1405545278535573506","everyone","en","1405600258349060099","1239172640","fishin_me","Conservative CG Vet, smaller Fed Government, Strong 1A, 2A and 10A supporter. Stop Vet suicide https://t.co/4iB5EmAKGT","Fla Everglades to  offshore",FALSE,"2018-05-26T18:23:00.000Z",NA,"https://pbs.twimg.com/profile_images/1520125959604781057/R86hevRA_normal.jpg","Fishin Salty üé£",FALSE,NA,0,0,0,0,0,869,989,22794,6,NA,"@MaxChesnes @fineout Too busy trying to get a gotcha.
Then wonders why no one pays attention to him.",TRUE
"52","@MaxChesnes @fineout Unfortunately this tweet got almost as many likes as manatees have died.  I wish our priorities were different. ",FALSE,"1334567200607379458",2021-06-17 19:47:54,"1405545278535573506","everyone","en","1405613192072548363","1239172640","GratefulandH","A Mom, wife (Eph. 5:23) , working on recovery; Mindfulness; walking; napping; removing physical pain- Started my journey in earnest 07/19/21",NA,FALSE,"2020-12-03T18:36:46.000Z",NA,"https://pbs.twimg.com/profile_images/1415374181399683074/e1QZ91r__normal.jpg","GratefulandHopeful",FALSE,"1435356792016539655",0,0,0,0,0,1125,1051,17802,7,NA,"@MaxChesnes @fineout Unfortunately this tweet got almost as many likes as manatees have died.  I wish our priorities were different",TRUE
"53","RT @MaxChesnes: A @GovRonDeSantis roundtable on #RedTide happening right now in St. Pete. 

There's been expert discussion on new technology, blue-green algae and #LakeO. 

One thing that hasn't been mentioned yet? The 800 dead manatees this year. ",FALSE,"186145900",2021-06-17 19:54:06,"1405614749635731460","everyone","en","1405614749635731460",NA,"JWayEnviro","Environment Reporter at @FLORIDA_TODAY since 2000, covering Indian River Lagoon, the St. Johns River and other natural resources in Brevard County.","Brevard County, Florida",TRUE,"2010-09-02T17:55:04.000Z","http://t.co/axIYyALDI5","https://pbs.twimg.com/profile_images/2435395399/imnwcleldat6nqo9zjl3_normal.jpeg","Jim Waymer",FALSE,NA,13,0,0,0,0,1585,2250,5335,85,NA,"RT @MaxChesnes: A @GovRonDeSantis roundtable on #RedTide happening right now in St. Pete. 

There's been expert discussion on new technology, blue-green algae and #LakeO. 

One thing that hasn't been mentioned yet? The 800 dead manatees this year",FALSE
"54","RT @MaxChesnes: A @GovRonDeSantis roundtable on #RedTide happening right now in St. Pete. 

There's been expert discussion on new technology, blue-green algae and #LakeO. 

One thing that hasn't been mentioned yet? The 800 dead manatees this year. ",FALSE,"20623273",2021-06-18 02:11:16,"1405709670275338240","everyone","en","1405709670275338240",NA,"AmySWFL","Once an ashtray-dumping, obituary-writing clerk. Now News-Press journalist: curator of characters, conflict and curiosities.
And proud Alvanian.","Southwest Florida",TRUE,"2009-02-11T20:20:07.000Z","https://t.co/ysEioyUjjI","https://pbs.twimg.com/profile_images/1585698369221103636/VG5UrzgT_normal.jpg","Amy Bennett Williams",FALSE,NA,13,0,0,0,0,2150,571,2317,79,NA,"RT @MaxChesnes: A @GovRonDeSantis roundtable on #RedTide happening right now in St. Pete. 

There's been expert discussion on new technology, blue-green algae and #LakeO. 

One thing that hasn't been mentioned yet? The 800 dead manatees this year",FALSE
"55","Researchers from the Institute of #Limnology (St. Petersburg) used some allelochemicals of macrophytes to create a combined algicide for suppressing the development of #cyanobacteria and preventing harmful algae ‚Äúblooms‚Äù in water bodies.  @IntechOpen . https   www intechopen com online first 74844",FALSE,"1444330273307598853",2021-11-10 11:35:04,"1458397796072050688","everyone","en","1458397796072050688",NA,"russianponds","For any communications:
‚úâÔ∏è epcn.russia@gmail.com",NA,FALSE,"2021-10-02T15:56:11.000Z","https://t.co/NPtxaXciAG","https://pbs.twimg.com/profile_images/1444332961474744321/8vADJr5d_normal.jpg","Russian Pond Conservation Network",FALSE,NA,0,0,7,0,0,109,171,45,1,NA,"Researchers from the Institute of #Limnology (St. Petersburg) used some allelochemicals of macrophytes to create a combined algicide for suppressing the development of #cyanobacteria and preventing harmful algae ‚Äúblooms‚Äù in water bodies.  @IntechOpen https://t.co/HvHQeLU8iI",FALSE
"56","Our upcoming seminar #Feb16_RuPonds will be opened by Evgeny A. Kurashov, from the Institute of #Limnology (St.Petersburg), introducing a promising method of suppressing #cyanobacteria ""blooms"" in water bodies with the help of metabolites of aquatic plants  . https   publons com researcher 2554684 evgeny a kurashov. https   twitter com russianponds status 1486617561248710656 photo 1",FALSE,"1444330273307598853",2022-01-27 08:30:21,"1486617561248710656","everyone","en","1486617561248710656",NA,"russianponds","For any communications:
‚úâÔ∏è epcn.russia@gmail.com",NA,FALSE,"2021-10-02T15:56:11.000Z","https://t.co/NPtxaXciAG","https://pbs.twimg.com/profile_images/1444332961474744321/8vADJr5d_normal.jpg","Russian Pond Conservation Network",FALSE,NA,0,0,7,0,0,109,171,45,1,NA,"Our upcoming seminar #Feb16_RuPonds will be opened by Evgeny A. Kurashov, from the Institute of #Limnology (St.Petersburg), introducing a promising method of suppressing #cyanobacteria ""blooms"" in water bodies with the help of metabolites of aquatic plants https://t.co/tIhRaeu2A6 https://t.co/64irudaPxM",FALSE
"57","Officials warn visitors to stay out of water at St. Pete's Maximo Park due to toxic blue-green algae . https   www cltampa com news officials warn visitors to stay out of water at st petes maximo park due to toxic blue green algae 13761679",FALSE,"58727124",2022-07-08 16:42:17,"1545448197581164546","everyone","en","1545448197581164546",NA,"rayroa","EIC @cl_tampabay. DMs open. I'm on Signal.
News tips: rroa@cltampa.com  cltampabay_tips@protonmail.com.
Past: @TB_Times @SubApologist  @GasparillaMusic
(he/him)","Tampa, FL",TRUE,"2009-07-21T06:43:35.000Z","https://t.co/wpxJt6FVBk","https://pbs.twimg.com/profile_images/1511595063289298948/i6IWv2pN_normal.jpg","Ray Roa",FALSE,"1242631724187684865",1,0,2,0,0,2261,958,35718,71,NA,"Officials warn visitors to stay out of water at St. Pete's Maximo Park due to toxic blue-green algae https://t.co/skdpAGfddp",FALSE
"58","Officials warn visitors to stay out of water at St. Pete's Maximo Park due to toxic blue-green algae
. https   www cltampa com news officials warn visitors to stay out of water at st petes maximo park due to toxic blue green algae 13761679",FALSE,"14193993",2022-07-08 17:02:00,"1545453156393398272","everyone","en","1545453156393398272",NA,"cl_tampabay","Tampa Bay's alternative newsweekly. Local news, reviews, music, movies, food, drinks, sex, local events & more.","Tampa Bay, FL",TRUE,"2008-03-21T22:23:23.000Z","https://t.co/yfgOGOMEdW","https://pbs.twimg.com/profile_images/1542872284259651587/a85ifeZZ_normal.jpg","Creative Loafing: Tampa Bay",FALSE,NA,6,0,5,0,0,69723,2818,51764,778,NA,"Officials warn visitors to stay out of water at St. Pete's Maximo Park due to toxic blue-green algae
https://t.co/GXWzQ62i0X",FALSE
"59","RT @cl_tampabay: Officials warn visitors to stay out of water at St. Pete's Maximo Park due to toxic blue-green algae
. https   www cltampa com news officials warn visitors to stay out of water at st petes maximo park due to toxic blue green algae 13761679",FALSE,"546407912",2022-07-08 17:03:26,"1545453517967687682","everyone","en","1545453517967687682",NA,"CattyFae","Mx. Cres:  they/them ‚ôø  Ace+Bi, #Tarot Witch @VeritasDivining  üçûüåπ ¬∑ icon:  @wooflecone ¬∑ https://t.co/mo4yECazgS ¬∑ #TransCrowdFund! ‚ô°","Occupied Seminole+ land/~Tampa",FALSE,"2012-04-06T00:55:27.000Z","https://t.co/LKhm9LHan3","https://pbs.twimg.com/profile_images/1586458195777708033/tVv_tnjb_normal.jpg","mastodon.social/@CattyFae",FALSE,"1594069386461151237",6,0,0,0,0,1274,1690,165550,45,NA,"RT @cl_tampabay: Officials warn visitors to stay out of water at St. Pete's Maximo Park due to toxic blue-green algae
https://t.co/GXWzQ62i0X",FALSE
"60","RT @cl_tampabay: Officials warn visitors to stay out of water at St. Pete's Maximo Park due to toxic blue-green algae
. https   www cltampa com news officials warn visitors to stay out of water at st petes maximo park due to toxic blue green algae 13761679",FALSE,"19828037",2022-07-08 17:07:34,"1545454559086235649","everyone","en","1545454559086235649",NA,"PeterSchorschFL","Husband to Michelle, Father to Ella. Publisher of @Fla_Pol, https://t.co/xHY94R11d9, INFLUENCE Mag, etc.","In between Disney Cruises",FALSE,"2009-01-31T19:40:00.000Z","https://t.co/xHY94R11d9","https://pbs.twimg.com/profile_images/1608216134850846720/KPutQQoI_normal.jpg","Peter Schorsch",FALSE,NA,6,0,0,0,0,50946,10180,228284,944,NA,"RT @cl_tampabay: Officials warn visitors to stay out of water at St. Pete's Maximo Park due to toxic blue-green algae
https://t.co/GXWzQ62i0X",FALSE
"61","RT @rayroa: Officials warn visitors to stay out of water at St. Pete's Maximo Park due to toxic blue-green algae . https   www cltampa com news officials warn visitors to stay out of water at st petes maximo park due to toxic blue green algae 13761679",FALSE,"1267806449520062468",2022-07-08 17:08:27,"1545454782260953094","everyone","en","1545454782260953094",NA,"bootlickerFL","Gadfly @SPTenantsU @StPeteCopWatch",NA,FALSE,"2020-06-02T13:14:06.000Z",NA,"https://pbs.twimg.com/profile_images/1591116694549823500/0C61X6SB_normal.jpg","William Kilgore",FALSE,NA,1,0,0,0,0,324,529,5849,1,NA,"RT @rayroa: Officials warn visitors to stay out of water at St. Pete's Maximo Park due to toxic blue-green algae https://t.co/skdpAGfddp",FALSE
"62","RT @cl_tampabay: Officials warn visitors to stay out of water at St. Pete's Maximo Park due to toxic blue-green algae
. https   www cltampa com news officials warn visitors to stay out of water at st petes maximo park due to toxic blue green algae 13761679",FALSE,"4143424276",2022-07-08 17:08:33,"1545454806688579591","everyone","en","1545454806688579591",NA,"karenmeekcoen","üè¥‚Äç‚ò†Ô∏èCountry over party; Native Floridian whose ‚ù§Ô∏è is in Chicago; No cults; RTs are not endorsements","Florida, USA",FALSE,"2015-11-08T17:54:43.000Z",NA,"https://pbs.twimg.com/profile_images/1404248584502054914/PISwOdhL_normal.jpg","Kacocoüá∫üá∏üåª",FALSE,NA,6,0,0,0,0,155,434,34008,1,NA,"RT @cl_tampabay: Officials warn visitors to stay out of water at St. Pete's Maximo Park due to toxic blue-green algae
https://t.co/GXWzQ62i0X",FALSE
"63","RT @cl_tampabay: Officials warn visitors to stay out of water at St. Pete's Maximo Park due to toxic blue-green algae
. https   www cltampa com news officials warn visitors to stay out of water at st petes maximo park due to toxic blue green algae 13761679",FALSE,"508345572",2022-07-08 17:11:55,"1545455652969107460","everyone","en","1545455652969107460",NA,"libinez","",NA,FALSE,"2012-02-29T04:05:38.000Z",NA,"https://pbs.twimg.com/profile_images/1622708127442370578/CDLeCq2A_normal.jpg","bradley",FALSE,NA,6,0,0,0,0,55,585,4615,0,NA,"RT @cl_tampabay: Officials warn visitors to stay out of water at St. Pete's Maximo Park due to toxic blue-green algae
https://t.co/GXWzQ62i0X",FALSE
"64","RT @cl_tampabay: Officials warn visitors to stay out of water at St. Pete's Maximo Park due to toxic blue-green algae
. https   www cltampa com news officials warn visitors to stay out of water at st petes maximo park due to toxic blue green algae 13761679",FALSE,"785933993694814208",2022-07-08 17:12:28,"1545455789682425858","everyone","en","1545455789682425858",NA,"amsomeonelse","üò¨ News aggregator, commentator & occasional instigator. Philosophy: Common people have the most sense. Don‚Äôt pronoun me.",NA,FALSE,"2016-10-11T20:04:01.000Z",NA,"https://pbs.twimg.com/profile_images/1540359779310346240/P0Ir_mB__normal.jpg","$8 Ratio",FALSE,"1592667447320276992",6,0,0,0,0,812,5030,58255,0,NA,"RT @cl_tampabay: Officials warn visitors to stay out of water at St. Pete's Maximo Park due to toxic blue-green algae
https://t.co/GXWzQ62i0X",FALSE
"65","Toxic blue-green algae found at Maximo Park in St. Petersburg  . https   www wfla com news pinellas county toxic blue green algae found at maximo park in st petersburg. https   twitter com WFLA status 1545458493708173313 photo 1",FALSE,"23820899",2022-07-08 17:23:12,"1545458493708173313","everyone","en","1545458493708173313",NA,"WFLA","WFLA News Channel 8 is a news leader in Tampa Bay.","Tampa, FL",TRUE,"2009-03-11T20:14:10.000Z","https://t.co/qPxwyiszHG","https://pbs.twimg.com/profile_images/1539812844660719616/2FlxM4l8_normal.jpg","WFLA NEWS",FALSE,NA,3,1,1,0,0,207100,2288,234805,1726,NA,"Toxic blue-green algae found at Maximo Park in St. Petersburg https://t.co/P42WfUj9fA https://t.co/YjFXKxUt8u",FALSE
"66","RT @cl_tampabay: Officials warn visitors to stay out of water at St. Pete's Maximo Park due to toxic blue-green algae
. https   www cltampa com news officials warn visitors to stay out of water at st petes maximo park due to toxic blue green algae 13761679",FALSE,"980841944",2022-07-08 17:27:41,"1545459621724299264","everyone","en","1545459621724299264",NA,"DianeEugenio","","Florida, USA",FALSE,"2012-11-30T17:00:46.000Z",NA,"https://pbs.twimg.com/profile_images/1207513386566725632/4hMeHry2_normal.jpg","Diane Eugenio",FALSE,NA,6,0,0,0,0,826,2339,571799,4,NA,"RT @cl_tampabay: Officials warn visitors to stay out of water at St. Pete's Maximo Park due to toxic blue-green algae
https://t.co/GXWzQ62i0X",FALSE
"67","RT @WFLA: Toxic blue-green algae found at Maximo Park in St. Petersburg  . https   www wfla com news pinellas county toxic blue green algae found at maximo park in st petersburg. https   twitter com WFLA status 1545458493708173313 photo 1",FALSE,"1524649788486082560",2022-07-08 17:28:45,"1545459890373726209","everyone","en","1545459890373726209",NA,"moofoo2921","",NA,FALSE,"2022-05-12T07:17:09.000Z",NA,"https://pbs.twimg.com/profile_images/1532180479176323072/va_hQXx7_normal.jpg","Chastady Watson",FALSE,NA,3,0,0,0,0,2,15,579,0,NA,"RT @WFLA: Toxic blue-green algae found at Maximo Park in St. Petersburg https://t.co/P42WfUj9fA https://t.co/YjFXKxUt8u",FALSE
"68","@WFLA Well, if the Ag Comm @NikkiFried wasn't abandoning her job to steal and hide money as well as spread lies about DeSantis maybe the toxic algae, toxic sugar cane fumes, toxic retention ponds, etc.. wouldn't be building such a huge threat to our state.  Demand she quit her job!. ",FALSE,"1508212505423790080",2022-07-08 17:31:59,"1545458493708173313","everyone","en","1545460702625861632","23820899","bit_pixie","Here we go again.  Formally FloridaGal.  Christian, Wife, Mom, Sister, plus so much more.  Saved but not perfect. Hubs quote.  She's so sweet, yet so mean.","Beautiful, Free, Florida",TRUE,"2022-03-27T22:41:14.000Z",NA,"https://abs.twimg.com/sticky/default_profile_images/default_profile_normal.png","LilBitOPixie",FALSE,NA,0,0,0,0,0,915,2685,6648,2,NA,"@WFLA Well, if the Ag Comm @NikkiFried wasn't abandoning her job to steal and hide money as well as spread lies about DeSantis maybe the toxic algae, toxic sugar cane fumes, toxic retention ponds, etc.. wouldn't be building such a huge threat to our state.  Demand she quit her job!",TRUE
"69",". https   www wfla com news pinellas county toxic blue green algae found at maximo park in st petersburg",FALSE,"728255524303740928",2022-07-08 17:33:09,"1545460994616578048","everyone","zxx","1545460994616578048",NA,"sassy1ntn","","United States",FALSE,"2016-05-05T16:10:22.000Z",NA,"https://pbs.twimg.com/profile_images/1378059974904053761/hsQ9APEU_normal.jpg","Southern Pride üá∫üá∏üá∫üá∏üá∫üá∏",FALSE,"822490263251775493",0,0,0,0,0,1380,1549,207706,0,NA,"https://t.co/c7ZUHpwaFv",FALSE
"70","@GovRonDeSantis @RonDeSantisFL This is all @RonDeSantisFL fault - . https   www wfla com news pinellas county toxic blue green algae found at maximo park in st petersburg",TRUE,"1055473072160026624",2022-07-08 17:34:08,"1545075167537381379","everyone","en","1545461243359727618","1058807868","TampaSwalloU_WS","Tampa area and wanna üí¶? - DM me #anon #gaypiss #gaytampa #gayswallow","Tampa, FL",FALSE,"2018-10-25T14:56:04.000Z",NA,"https://pbs.twimg.com/profile_images/1602496927798542339/s6PvF1pY_normal.jpg","swallowU - ws üí¶",FALSE,NA,0,0,0,0,0,28,99,18369,0,NA,"@GovRonDeSantis @RonDeSantisFL This is all @RonDeSantisFL fault - https://t.co/ymUSFUgSqj",FALSE
"71","RT @WFLA: Toxic blue-green algae found at Maximo Park in St. Petersburg  . https   www wfla com news pinellas county toxic blue green algae found at maximo park in st petersburg. https   twitter com WFLA status 1545458493708173313 photo 1",FALSE,"1093263310236123144",2022-07-08 18:02:13,"1545468309478547457","everyone","en","1545468309478547457",NA,"barely_a_spec","lesbian ~ Black Lives Matter ~ Trans Rights Are Human Rights ~ I used to be funny before the world started ending ~ she/her",NA,FALSE,"2019-02-06T21:40:59.000Z",NA,"https://pbs.twimg.com/profile_images/1229945979538989057/UbSXe9J0_normal.jpg","barely a spec üè≥Ô∏è‚Äçüåà",FALSE,"1594770329456582656",3,0,0,0,0,701,970,91234,5,NA,"RT @WFLA: Toxic blue-green algae found at Maximo Park in St. Petersburg https://t.co/P42WfUj9fA https://t.co/YjFXKxUt8u",FALSE
"72","What's in the news! Health department warns of blue-green algae bloom at Maximo Park in St. Pete .......EXP Realty at 813-694-4110  . http   www TeamZre com. https   www wtsp com article news local pinellascounty blue green algae 67 076bde2a 0871 4a3f 8148 4e939b4ae425",FALSE,"823733378",2022-07-08 18:11:11,"1545470568287313922","everyone","en","1545470568287313922",NA,"RealtyTampa","Realtors, Covering all of Tampa Bay","Tampa Florida",FALSE,"2012-09-14T18:14:31.000Z","https://t.co/1GyW5oso7X","https://pbs.twimg.com/profile_images/1623097404802097152/Q7msOFlM_normal.jpg","Tampa Real Estate",FALSE,NA,0,0,0,0,0,9,1,4161,0,NA,"What's in the news! Health department warns of blue-green algae bloom at Maximo Park in St. Pete .......EXP Realty at 813-694-4110 https://t.co/exM9PbEp55 https://t.co/Y4hVgX8JWL",FALSE
"73","Health department warns of blue-green algae bloom at Maximo Park in St. Pete  #10news #news #wtsp . https   www wtsp com article news local pinellascounty blue green algae 67 076bde2a 0871 4a3f 8148 4e939b4ae425. https   twitter com brandonpromo status 1545476087706030080 photo 1",FALSE,"85920748",2022-07-08 18:33:07,"1545476087706030080","everyone","en","1545476087706030080",NA,"brandonpromo","@machineshopbarber - Owner & GM @fellowship_brand - Co-Ownership  /G\ Mental Health üôèüèª         APlaceForMyHead Podcast - Host","St Petersburg, FL",FALSE,"2009-10-28T21:45:10.000Z","https://t.co/Soz1m0CuGm","https://pbs.twimg.com/profile_images/1133096328551120897/YBSjN_o4_normal.jpg","Brandon Thompson",FALSE,"1164607409429594112",0,0,0,0,0,4457,1807,88993,264,NA,"Health department warns of blue-green algae bloom at Maximo Park in St. Pete https://t.co/Do90cvBsB3 #10news #news #wtsp https://t.co/YwYjy5zIM0",FALSE
"74","We have issued a warning for blue-green algae in Maximo Park in St. Petersburg. Read the details here:   . https   pinellas floridahealth gov newsroom 2022 07 blue green algae maximo park 7 7 22 html. https   twitter com HealthyPinellas status 1545483829531611136 photo 1",FALSE,"753313515134476292",2022-07-08 19:03:53,"1545483829531611136","everyone","en","1545483829531611136",NA,"HealthyPinellas","The Florida Department of Health in Pinellas County works for you in the community.","St Petersburg, FL",FALSE,"2016-07-13T19:41:52.000Z",NA,"https://pbs.twimg.com/profile_images/1239528273954115584/zvltBjSI_normal.jpg","FL Health Pinellas",FALSE,"1597248950620524544",0,0,0,0,0,6690,915,14692,118,NA,"We have issued a warning for blue-green algae in Maximo Park in St. Petersburg. Read the details here:  https://t.co/9qTRjWkTaV https://t.co/nTL5XMCn3o",FALSE
"75","Officials warn visitors to stay out of water at St. Pete's Maximo Park due to toxic blue-green algae #algae . https   www cltampa com news officials warn visitors to stay out of water at st petes maximo park due to toxic blue green algae 13761679",FALSE,"1419475371897069573",2022-07-10 01:47:49,"1545947872524484609","everyone","en","1545947872524484609",NA,"AlgaSci","Combating Algae Blooms worldwide.","Paoli, Pa",FALSE,"2021-07-26T01:52:06.000Z","https://t.co/4OYWm2rRCN","https://pbs.twimg.com/profile_images/1419476813529690115/_xQih6_2_normal.jpg","AlgaSci",FALSE,NA,0,0,0,0,0,56,35,4851,0,NA,"Officials warn visitors to stay out of water at St. Pete's Maximo Park due to toxic blue-green algae #algae https://t.co/SPDc0fSWn5",FALSE
"76","Toxic blue-green algae found at Maximo Park in St. Petersburg #algae . https   www wfla com news pinellas county toxic blue green algae found at maximo park in st petersburg",FALSE,"1419475371897069573",2022-07-10 01:48:00,"1545947918791761921","everyone","en","1545947918791761921",NA,"AlgaSci","Combating Algae Blooms worldwide.","Paoli, Pa",FALSE,"2021-07-26T01:52:06.000Z","https://t.co/4OYWm2rRCN","https://pbs.twimg.com/profile_images/1419476813529690115/_xQih6_2_normal.jpg","AlgaSci",FALSE,NA,0,0,0,0,0,56,35,4851,0,NA,"Toxic blue-green algae found at Maximo Park in St. Petersburg #algae https://t.co/tVoBt8zrd3",FALSE
"77","‚ÄúHealth officials are asking the public to stay out of the water at Maximo Park in St. Petersburg after samples show the presence of toxic blue-green algae.‚Äù üí¶ü´ß

. https   www cltampa com news officials warn visitors to stay out of water at st petes maximo park due to toxic blue green algae 13761679",FALSE,"1674150607",2022-07-10 04:10:32,"1545983788609568769","everyone","en","1545983788609568769",NA,"LWVSPA","The League of Women Voters is a nonpartisan political organization  encouraging informed and active participation in government. We are in St. Petersburg, FL.","Making Democracy Work¬Æ",FALSE,"2013-08-15T21:41:57.000Z","https://t.co/HBoeh3D3ch","https://pbs.twimg.com/profile_images/482078583200829440/lhrx0W_n_normal.jpeg","LWV St. Petersburg Area",FALSE,NA,1,0,1,0,0,872,666,5719,28,NA,"‚ÄúHealth officials are asking the public to stay out of the water at Maximo Park in St. Petersburg after samples show the presence of toxic blue-green algae.‚Äù üí¶ü´ß

https://t.co/l2Nebs1ApS",FALSE
"78","RT @LWVSPA: ‚ÄúHealth officials are asking the public to stay out of the water at Maximo Park in St. Petersburg after samples show the presence of toxic blue-green algae.‚Äù üí¶ü´ß

. https   www cltampa com news officials warn visitors to stay out of water at st petes maximo park due to toxic blue green algae 13761679",FALSE,"75912955",2022-07-10 11:07:36,"1546088743483985921","everyone","en","1546088743483985921",NA,"CarolineCalcote","Living it up in beautiful St. Pete, FL - I hate FL but I ‚ù§Ô∏è St. Pete. I‚Äôm a 53 y.o. vaxxed liberal, retired lawyer, sub-par wife & mother, anti-religion atheist","St. Petersburg, FL",FALSE,"2009-09-21T00:20:34.000Z",NA,"https://pbs.twimg.com/profile_images/462571183179710464/133Q7Srk_normal.jpeg","Caroline Calcote",FALSE,"1612514968670273541",1,0,0,0,0,1407,489,32169,74,NA,"RT @LWVSPA: ‚ÄúHealth officials are asking the public to stay out of the water at Maximo Park in St. Petersburg after samples show the presence of toxic blue-green algae.‚Äù üí¶ü´ß

https://t.co/l2Nebs1ApS",FALSE
"79"," #PoopBeaches #DeathSantis #DeSantisDestroysFlorida #DeSantisDonorsFirst. https   www newsbreakapp com n 0h844iq5",FALSE,"995300495861342208",2022-08-07 13:56:21,"1556278072248238080","everyone","qme","1556278072248238080",NA,"Bdelta67","Art üñåphotography üì∑music üé∂geophysicsü™êüíôüíôüåäüíôüåäüíôüåäüíô#Water","Florida ",FALSE,"2018-05-12T13:51:44.000Z",NA,"https://pbs.twimg.com/profile_images/995302117152731141/0pawsv3x_normal.jpg","mistyBlue67",FALSE,"1592681794402680833",0,1,0,0,0,3394,3410,26810,6,NA,"https://t.co/UolVQBZUv0 #PoopBeaches #DeathSantis #DeSantisDestroysFlorida #DeSantisDonorsFirst",FALSE
"80",". https   twitter com Bdelta67 status 1556278362934415360 photo 1",FALSE,"995300495861342208",2022-08-07 13:57:30,"1556278072248238080","everyone","zxx","1556278362934415360","995300495861342208","Bdelta67","Art üñåphotography üì∑music üé∂geophysicsü™êüíôüíôüåäüíôüåäüíôüåäüíô#Water","Florida ",FALSE,"2018-05-12T13:51:44.000Z",NA,"https://pbs.twimg.com/profile_images/995302117152731141/0pawsv3x_normal.jpg","mistyBlue67",FALSE,"1592681794402680833",0,0,0,0,0,3353,3382,26799,6,NA,"https://t.co/8YoO5ibi2H",TRUE
"81","A blue-green algae bloom was found at Maximo Park in St. Petersburg, the Florida Department of Health said. . https   patch com florida stpete blue green algae bloom found maximo park st pete fdoh",FALSE,"163513317",2022-08-08 21:22:42,"1556752786699833350","everyone","en","1556752786699833350",NA,"StPetePatch","Local news, alerts, events and more. We‚Äôre your source for all things St. Pete.","St Petersburg, FL",FALSE,"2010-07-06T16:19:36.000Z","https://t.co/0e12lxR1De","https://pbs.twimg.com/profile_images/940321547813732352/nDyLFZAZ_normal.jpg","St. Pete Patch",FALSE,NA,0,0,0,0,0,1343,678,21078,60,NA,"A blue-green algae bloom was found at Maximo Park in St. Petersburg, the Florida Department of Health said. https://t.co/MVFycgF22s",FALSE
"82","Blue-Green Algae Bloom Found At Maximo Park In St. Pete: FDOH - Patch -  #GoogleAlerts. https   patch com florida stpete blue green algae bloom found maximo park st pete fdoh",FALSE,"534263140",2022-08-09 12:01:32,"1556973953385627648","everyone","en","1556973953385627648",NA,"FloridaIssues","",NA,FALSE,"2012-03-23T12:49:26.000Z",NA,"https://pbs.twimg.com/profile_images/1169906487172333577/HqrgWFkr_normal.jpg","Florida Issues",FALSE,NA,0,0,0,0,0,1025,11,135944,38,NA,"Blue-Green Algae Bloom Found At Maximo Park In St. Pete: FDOH - Patch - https://t.co/0UUFTy8104 #GoogleAlerts",FALSE
"83","HABs.... https   thegabber com blue green algae alert in st petersburg tampa bay",FALSE,"18561980",2022-08-10 01:03:45,"1557170806165278720","everyone","es","1557170806165278720",NA,"nano_riley","Environmental Journalist, Educator
Author: Florida's Farmworkers in the 21st C
Prior Tampa Bay Times, NY Post. 
 Mem. Society of Environmental Journalists","Florida",FALSE,"2009-01-02T20:38:42.000Z",NA,"https://pbs.twimg.com/profile_images/1307417042585296898/hKIN5WcN_normal.jpg","Nano Riley.",FALSE,"1448655716588277771",0,0,0,0,0,53,0,583,2,NA,"HABs...https://t.co/zEbKXwMCj0",FALSE
"84","Blue-Green Algae Alert in St. Petersburg, Tampa Bay - The Gabber Newspaper #algae . https   thegabber com blue green algae alert in st petersburg tampa bay",FALSE,"1419475371897069573",2022-08-10 14:37:16,"1557375531720531969","everyone","en","1557375531720531969",NA,"AlgaSci","Combating Algae Blooms worldwide.","Paoli, Pa",FALSE,"2021-07-26T01:52:06.000Z","https://t.co/4OYWm2rRCN","https://pbs.twimg.com/profile_images/1419476813529690115/_xQih6_2_normal.jpg","AlgaSci",FALSE,NA,0,0,0,0,0,56,35,4851,0,NA,"Blue-Green Algae Alert in St. Petersburg, Tampa Bay - The Gabber Newspaper #algae https://t.co/IlOby3Io0X",FALSE
