"","text","possibly_sensitive","author_id","created_at.x","lang","id","in_reply_to_user_id","reply_settings","conversation_id","url","name","profile_image_url","verified","location","protected","description","username","created_at.y","pinned_tweet_id","public_metrics.x_retweet_count","public_metrics.x_reply_count","public_metrics.x_like_count","public_metrics.x_quote_count","public_metrics.x_impression_count","public_metrics.y_followers_count","public_metrics.y_following_count","public_metrics.y_tweet_count","public_metrics.y_listed_count","text_with_display_links","reply.to.thread.no.term"
"1","‚ÄúAbout 200 gallons of hydraulic oil was spilled. The leak was traced to the International Paper mill in Springfield.‚Äù
 why we must #Divest                                 Take Action: 

#StopLine3 #NoKM #NoKXL #NoDapl # #DivestStPete. https   www change org p st petersburg city council removing public funds from socially irresponsible commercial banking institutions. http   klcc org post oil spill prompts warning avoid miles long stretch mckenzie river",FALSE,"765781379418292224",2018-03-16 22:04:40,"en","974768436042715136",NA,"everyone","974768436042715136",NA,"Greenpeace St. Pete","https://pbs.twimg.com/profile_images/773487001622437889/kmw3h0r0_normal.jpg",FALSE,"Florida, USA",FALSE,"","greenpeace_dtsp","2016-08-17T05:24:43.000Z",NA,3,0,1,0,0,25,54,108,2,"‚ÄúAbout 200 gallons of hydraulic oil was spilled. The leak was traced to the International Paper mill in Springfield.‚Äù
 why we must #Divest                                 Take Action: https://t.co/yxLx8mBEDv
https://t.co/xDj2S14P0Z
#StopLine3 #NoKM #NoKXL #NoDapl # #DivestStPete",FALSE
"2","RT @greenpeace_dtsp: ‚ÄúAbout 200 gallons of hydraulic oil was spilled. The leak was traced to the International Paper mill in Springfield.‚Äù
 why we must #Divest                                 Take Action: 

#StopLine3 #NoKM #NoKXL #NoDapl # #DivestStPete. https   www change org p st petersburg city council removing public funds from socially irresponsible commercial banking institutions. http   klcc org post oil spill prompts warning avoid miles long stretch mckenzie river",FALSE,"906874369019748357",2018-03-24 01:02:27,"en","977349892984029184",NA,"everyone","977349892984029184","https://t.co/BnqigrYNnV","Lozan","https://pbs.twimg.com/profile_images/981518522139385857/wm8w3six_normal.jpg",FALSE,"Vancouver, British Columbia",FALSE,"Author, poet, interpreter, peacekeeper, climate activist & mother. Life is too short to behave & blend in with the crowd. Make a statement & do good ÿ≠ÿ±Ÿäÿ© ÿßŸÑŸÖÿ±ÿ£ÿ©","Lozan72","2017-09-10T13:37:53.000Z",NA,3,0,0,0,0,254,194,9700,4,"RT @greenpeace_dtsp: ‚ÄúAbout 200 gallons of hydraulic oil was spilled. The leak was traced to the International Paper mill in Springfield.‚Äù
 why we must #Divest                                 Take Action: https://t.co/yxLx8mBEDv
https://t.co/xDj2S14P0Z
#StopLine3 #NoKM #NoKXL #NoDapl # #DivestStPete",FALSE
"3","#OIL‚ÄîDamn #Gazprom, building a superfluous $20 bln refinery near St. Petersburg. Don't #Russia|ns know that it's best to pipe raw bitumen across mountains, spill a 1/3 enroute and a 1/3 in the ocean, then tanker it to China. Let them deal with it. No fuss, right #KinderMorgan?. ",FALSE,"381214787",2018-04-23 07:42:40,"en","988322245310230530",NA,"everyone","988322245310230530","https://t.co/qrmJNmuj0g","Gleb Bazov","https://pbs.twimg.com/profile_images/1505304313991766028/Jeh7LkMG_normal.jpg",FALSE,"Toronto, Ontario",FALSE,"#Slavyangrad Twitter / @NuestraIraSLG #Slavyangrad Telegram / https://t.co/S78v25WM75 #Slavyangrad Website / https://t.co/qrmJNmuj0g / https://t.co/MWs0akug2Q","gbazov","2011-09-27T23:11:26.000Z","1504525945121783814",0,1,0,0,0,38534,11721,91968,568,"#OIL‚ÄîDamn #Gazprom, building a superfluous $20 bln refinery near St. Petersburg. Don't #Russia|ns know that it's best to pipe raw bitumen across mountains, spill a 1/3 enroute and a 1/3 in the ocean, then tanker it to China. Let them deal with it. No fuss, right #KinderMorgan?",FALSE
"4","#OIL‚ÄîWe better get all our tar sands sludge out of Alberta, I guess, as soon as possible. What with even the HSBC committing to cease financing oil sands developments, along with coal burning and other advanced manufacturing processes (well except in Asia, cause just... cause).",FALSE,"381214787",2018-04-23 07:47:26,"en","988323446282076161","381214787","everyone","988322245310230530","https://t.co/qrmJNmuj0g","Gleb Bazov","https://pbs.twimg.com/profile_images/1505304313991766028/Jeh7LkMG_normal.jpg",FALSE,"Toronto, Ontario",FALSE,"#Slavyangrad Twitter / @NuestraIraSLG #Slavyangrad Telegram / https://t.co/S78v25WM75 #Slavyangrad Website / https://t.co/qrmJNmuj0g / https://t.co/MWs0akug2Q","gbazov","2011-09-27T23:11:26.000Z","1504525945121783814",0,1,0,0,0,37730,11688,91942,566,NA,TRUE
"5","@gbazov I really do love some sarcasm with my coffee. LOL You are so right...",FALSE,"711949028649340928",2018-04-23 11:43:00,"en","988382731032760320","381214787","everyone","988322245310230530",NA,"Global Village","https://pbs.twimg.com/profile_images/864042376314183680/yze37ahw_normal.jpg",FALSE,NA,FALSE,"""Every great dream begins with a dreamer.""","globalizeddem","2016-03-21T16:14:10.000Z",NA,0,0,1,0,0,127,288,1378,3,NA,TRUE
"6","A group of scientists from states bordering the #Gulf of Mexico met in St. Petersburg Wednesday to figure out ways to deal with #health problems coming from red tide and #oil spills in the Gulf. . https   wusfnews wusf usf edu post twitter may be used track lingering health problems gulf mexico",FALSE,"30710984",2019-03-28 17:10:42,"en","1111314685528293376",NA,"everyone","1111314685528293376",NA,"Queeg Rides Again","https://pbs.twimg.com/profile_images/1575703602030575624/8JJOGC7W_normal.jpg",FALSE,"Mississippi River, LA",FALSE,"The Mighty Queeg has polished his balls and is ready for battle.","QueegRides","2009-04-12T20:05:42.000Z",NA,0,0,0,0,0,1945,3098,58463,209,"A group of scientists from states bordering the #Gulf of Mexico met in St. Petersburg Wednesday to figure out ways to deal with #health problems coming from red tide and #oil spills in the Gulf. https://t.co/UVlqSOEBMT",FALSE
"7","A group of scientists from states bordering the Gulf of Mexico met in St. Petersburg Wednesday to figure out ways to deal with health problems coming from red tide and oil spills in the Gulf.  . https   www wlrn org 2019 03 27 twitter may be used to track lingering health problems in the gulf of mexico. https   twitter com NPScorp_UK status 1111646293905063936 photo 1",FALSE,"339601918",2019-03-29 15:08:24,"en","1111646293905063936",NA,"everyone","1111646293905063936","https://t.co/H1SZ6OzK07","LiquidSafetySolutions","https://pbs.twimg.com/profile_images/1357708483672571904/dlocYIO7_normal.jpg",FALSE,"Oldham, England",FALSE,"Our #OilSpill products are essential for organisations across various markets, including #marine, #aerospace, #FoodManufacture & #transport. 
#SpillControl","FyterTech_UK","2011-07-21T10:58:31.000Z","1481200803973107719",1,0,0,0,0,864,852,5324,6,"A group of scientists from states bordering the Gulf of Mexico met in St. Petersburg Wednesday to figure out ways to deal with health problems coming from red tide and oil spills in the Gulf. https://t.co/tSVKYxAlD2 https://t.co/M7RkpN96hU",FALSE
"8","RT @NPScorp_UK: A group of scientists from states bordering the Gulf of Mexico met in St. Petersburg Wednesday to figure out ways to deal with health problems coming from red tide and oil spills in the Gulf.  . https   www wlrn org 2019 03 27 twitter may be used to track lingering health problems in the gulf of mexico. https   twitter com NPScorp_UK status 1111646293905063936 photo 1",FALSE,"2803913821",2019-03-29 15:15:59,"en","1111648202493751297",NA,"everyone","1111648202493751297",NA,"Geoff Wimble","https://pbs.twimg.com/profile_images/588232081358123008/pn00dX_E_normal.jpg",FALSE,"England, United Kingdom",FALSE,"Former Canterbury  Councillor","GeoffWimble1","2014-09-11T15:34:46.000Z",NA,1,0,0,0,0,3547,4240,41457,21,"RT @NPScorp_UK: A group of scientists from states bordering the Gulf of Mexico met in St. Petersburg Wednesday to figure out ways to deal with health problems coming from red tide and oil spills in the Gulf. https://t.co/tSVKYxAlD2 https://t.co/M7RkpN96hU",FALSE
"9","Join researchers and responders as they discuss how science guides oil spill response on April 24th. This Sea Grant Oil Spill Science Outreach Program event is free and open to the public. Attend in person in St. Petersburg, Florida, or watch online.

. https   gulfseagrant org oilspilloutreach presentations how does science guide oil spill response",FALSE,"3438303297",2019-04-04 18:30:17,"en","1113871426057113600",NA,"everyone","1113871426057113600","https://t.co/y5qEHfhgBr","NASEM Gulf Research Program","https://pbs.twimg.com/profile_images/1520072752388091905/iVnF2Mie_normal.jpg",FALSE,"Washington, DC",FALSE,"The Gulf Research Program of @theNASEM funds studies, projects, & other activities at the intersections of human, environmental, and offshore energy systems.","NASEM_Gulf","2015-08-24T19:23:57.000Z",NA,7,0,5,0,0,1259,649,2106,16,"Join researchers and responders as they discuss how science guides oil spill response on April 24th. This Sea Grant Oil Spill Science Outreach Program event is free and open to the public. Attend in person in St. Petersburg, Florida, or watch online.

https://t.co/zhLfQQY077",FALSE
"10","RT @NASEM_Gulf: Join researchers and responders as they discuss how science guides oil spill response on April 24th. This Sea Grant Oil Spill Science Outreach Program event is free and open to the public. Attend in person in St. Petersburg, Florida, or watch online.

. https   gulfseagrant org oilspilloutreach presentations how does science guide oil spill response",FALSE,"3329510170",2019-04-04 19:09:08,"en","1113881203382411264",NA,"everyone","1113881203382411264",NA,"Jean May-Brett","https://abs.twimg.com/sticky/default_profile_images/default_profile_normal.png",FALSE,"Kenner, LA",FALSE,"","4lastem","2015-06-16T13:26:33.000Z",NA,7,0,0,0,0,102,103,2321,8,"RT @NASEM_Gulf: Join researchers and responders as they discuss how science guides oil spill response on April 24th. This Sea Grant Oil Spill Science Outreach Program event is free and open to the public. Attend in person in St. Petersburg, Florida, or watch online.

https://t.co/zhLfQQY077",FALSE
"11","RT @NASEM_Gulf: Join researchers and responders as they discuss how science guides oil spill response on April 24th. This Sea Grant Oil Spill Science Outreach Program event is free and open to the public. Attend in person in St. Petersburg, Florida, or watch online.

. https   gulfseagrant org oilspilloutreach presentations how does science guide oil spill response",FALSE,"1087763940539592705",2019-04-04 19:29:57,"en","1113886441027850241",NA,"everyone","1113886441027850241","https://t.co/mhAUjNiKWD","Environmental Law Institute, Gulf of Mexico","https://pbs.twimg.com/profile_images/1100414521271697408/Q25kiufr_normal.png",FALSE,"Washington, DC",FALSE,"Supporting public participation in restoration and recovery of the Gulf of Mexico after the Deepwater Horizon oil spill.  Retweets and likes ‚â† Endorsements.","ELI_Gulf","2019-01-22T17:28:27.000Z","1100422460837646337",7,0,0,0,0,366,478,490,10,"RT @NASEM_Gulf: Join researchers and responders as they discuss how science guides oil spill response on April 24th. This Sea Grant Oil Spill Science Outreach Program event is free and open to the public. Attend in person in St. Petersburg, Florida, or watch online.

https://t.co/zhLfQQY077",FALSE
"12","RT @NASEM_Gulf: Join researchers and responders as they discuss how science guides oil spill response on April 24th. This Sea Grant Oil Spill Science Outreach Program event is free and open to the public. Attend in person in St. Petersburg, Florida, or watch online.

. https   gulfseagrant org oilspilloutreach presentations how does science guide oil spill response",FALSE,"2649213481",2019-04-04 20:23:58,"en","1113900034704252928",NA,"everyone","1113900034704252928","http://t.co/vl7IgD0B19","GulfSciConference","https://pbs.twimg.com/profile_images/1201934603356901377/jgIiOrwG_normal.png",FALSE,"Tampa, FL",FALSE,"2020: A Milestone in Gulf of Mexico Research #GoMOSES","GulfConference","2014-07-15T20:51:03.000Z","1211738904807854080",7,0,0,0,0,494,151,919,13,"RT @NASEM_Gulf: Join researchers and responders as they discuss how science guides oil spill response on April 24th. This Sea Grant Oil Spill Science Outreach Program event is free and open to the public. Attend in person in St. Petersburg, Florida, or watch online.

https://t.co/zhLfQQY077",FALSE
"13","RT @NASEM_Gulf: Join researchers and responders as they discuss how science guides oil spill response on April 24th. This Sea Grant Oil Spill Science Outreach Program event is free and open to the public. Attend in person in St. Petersburg, Florida, or watch online.

. https   gulfseagrant org oilspilloutreach presentations how does science guide oil spill response",FALSE,"1732895058",2019-04-04 20:45:08,"en","1113905363726798849",NA,"everyone","1113905363726798849","http://t.co/e7dJhd8mYu","DROPPS Consortium","https://pbs.twimg.com/profile_images/1111320864660819973/v76zJiu9_normal.jpg",FALSE,NA,FALSE,"We are a team of scientists studying the effects of oil spills in the Gulf of Mexico.","DROPPSScience","2013-09-05T19:48:02.000Z",NA,7,0,0,0,0,393,1950,870,5,"RT @NASEM_Gulf: Join researchers and responders as they discuss how science guides oil spill response on April 24th. This Sea Grant Oil Spill Science Outreach Program event is free and open to the public. Attend in person in St. Petersburg, Florida, or watch online.

https://t.co/zhLfQQY077",FALSE
"14","RT @NASEM_Gulf: Join researchers and responders as they discuss how science guides oil spill response on April 24th. This Sea Grant Oil Spill Science Outreach Program event is free and open to the public. Attend in person in St. Petersburg, Florida, or watch online.

. https   gulfseagrant org oilspilloutreach presentations how does science guide oil spill response",FALSE,"971780036368961536",2019-04-05 05:26:32,"en","1114036577402064896",NA,"everyone","1114036577402064896","https://t.co/FfxLHNVN8H","JUMSRI","https://pbs.twimg.com/profile_images/1223460491479089152/o5PpeQh9_normal.jpg",FALSE,"Jacksonville, FL",FALSE,"Marine Science Research Institute | Jacksonville University üê¨  https://t.co/03fOWE5Po1","JUMSRI2","2018-03-08T16:09:50.000Z",NA,7,0,0,0,0,203,355,663,2,"RT @NASEM_Gulf: Join researchers and responders as they discuss how science guides oil spill response on April 24th. This Sea Grant Oil Spill Science Outreach Program event is free and open to the public. Attend in person in St. Petersburg, Florida, or watch online.

https://t.co/zhLfQQY077",FALSE
"15",".@FloridaSeaGrant specialist Monica Wilson will host an oil spill response seminar April 24 in St. Petersburg. Those who respond to oil spills will get the latest scientific input at the public workshop. . https   blogs ifas ufl edu news 2019 04 10 florida sea grant specialist to conduct workshop get feedback on oil spills",FALSE,"361385033",2019-04-10 17:15:22,"en","1116026900693041153",NA,"everyone","1116026900693041153","https://t.co/lV1WJgRmW5","UF IFAS Solutions","https://pbs.twimg.com/profile_images/1504887669284765697/zN6nhbGU_normal.jpg",TRUE,"Gainesville, Florida",FALSE,"@UF's Institute of Food and Agricultural Sciences (UF/IFAS) | https://t.co/bKtWq57PLH | https://t.co/sE6K8ZwMAo‚Ä¶","UF_IFAS","2011-08-24T18:14:18.000Z",NA,0,0,1,0,0,12635,2427,26564,245,".@FloridaSeaGrant specialist Monica Wilson will host an oil spill response seminar April 24 in St. Petersburg. Those who respond to oil spills will get the latest scientific input at the public workshop. https://t.co/wQljcPqoFy",FALSE
"16","RT @NASEM_Gulf: Join researchers and responders as they discuss how science guides oil spill response on April 24th. This Sea Grant Oil Spill Science Outreach Program event is free and open to the public. Attend in person in St. Petersburg, Florida, or watch online.

. https   gulfseagrant org oilspilloutreach presentations how does science guide oil spill response",FALSE,"3891130972",2019-04-10 22:02:06,"en","1116099059893325829",NA,"everyone","1116099059893325829","https://t.co/yXyTP9e6yt","akaya","https://pbs.twimg.com/profile_images/1117137283281510400/aHHNRyrG_normal.png",FALSE,"Boston, MA",FALSE,"Biomimetic Remediation of water & soil. #1-performing bioremediation technology on the EPA NCPPS for effective & cost-efficient #oilspillcleanup.","akaya_co","2015-10-07T15:19:19.000Z","1150750638592204801",7,0,0,0,0,1297,879,2748,27,"RT @NASEM_Gulf: Join researchers and responders as they discuss how science guides oil spill response on April 24th. This Sea Grant Oil Spill Science Outreach Program event is free and open to the public. Attend in person in St. Petersburg, Florida, or watch online.

https://t.co/zhLfQQY077",FALSE
"17","RT @NASEM_Gulf: Join researchers and responders as they discuss how science guides oil spill response on April 24th. This Sea Grant Oil Spill Science Outreach Program event is free and open to the public. Attend in person in St. Petersburg, Florida, or watch online.

. https   gulfseagrant org oilspilloutreach presentations how does science guide oil spill response",FALSE,"3525865161",2019-04-17 17:10:22,"en","1118562355938562049",NA,"everyone","1118562355938562049",NA,"USF Sloan UCEM","https://pbs.twimg.com/profile_images/1496162650853494784/Wkmlzx0E_normal.jpg",FALSE,NA,FALSE,"","usfsloanucem","2015-09-02T18:33:52.000Z",NA,7,0,0,0,0,299,1137,2313,1,"RT @NASEM_Gulf: Join researchers and responders as they discuss how science guides oil spill response on April 24th. This Sea Grant Oil Spill Science Outreach Program event is free and open to the public. Attend in person in St. Petersburg, Florida, or watch online.

https://t.co/zhLfQQY077",FALSE
"18","1st day of school for Pinellas, school attack plot foiled, MacBook Pro banned, social media is linked to depression, Barbie going Star Wars, possible oil spill in Madeira Beach, CBS/Viacom merger, moms celebrate back to school plus Barber will be in the Ring of Honor! @FOX13News. ",FALSE,"568322556",2019-08-14 07:59:00,"en","1161547756189753344",NA,"everyone","1161547756189753344",NA,"Walter Allen FOX 13","https://pbs.twimg.com/profile_images/1592668582974029828/xwss2vw1_normal.jpg",TRUE,"Tampa, FL",FALSE,"Good Day Tampa Bay Anchor for FOX13. Happily married and Daddy to Alexandra!","WalterAllenTV","2012-05-01T14:15:44.000Z",NA,0,0,7,0,0,8345,1677,23382,146,"1st day of school for Pinellas, school attack plot foiled, MacBook Pro banned, social media is linked to depression, Barbie going Star Wars, possible oil spill in Madeira Beach, CBS/Viacom merger, moms celebrate back to school plus Barber will be in the Ring of Honor! @FOX13News",FALSE
"19","‚ÄúWe are appalled that the Trump administration is trying to auction off our coastal waters and public lands to oil and gas developers,‚Äù writes one St. Pete Beach couple who own a hotel.

. https   www tampabay com opinion 2019 09 10 protect floridas coasts from oil spills wednesdays letters",FALSE,"778251715011289088",2019-09-10 22:00:00,"en","1171543875493814274",NA,"everyone","1171543875493814274","https://t.co/0h6XtvJJU1","Opinion by Tampa Bay Times","https://pbs.twimg.com/profile_images/1232366331577667585/RinKNxSr_normal.jpg",TRUE,"St. Petersburg, FL",FALSE,"Come here for conversation about Florida and the Tampa Bay area. We share editorials and columns from @TB_Times. | üëã Sound off: https://t.co/qMOOX4VkN4","TBTimes_Opinion","2016-09-20T15:17:22.000Z",NA,1,0,1,0,0,1489,339,6124,37,"‚ÄúWe are appalled that the Trump administration is trying to auction off our coastal waters and public lands to oil and gas developers,‚Äù writes one St. Pete Beach couple who own a hotel.

https://t.co/n9hQh5wDeG",FALSE
"20","RT @TBTimes_Opinion: ‚ÄúWe are appalled that the Trump administration is trying to auction off our coastal waters and public lands to oil and gas developers,‚Äù writes one St. Pete Beach couple who own a hotel.

. https   www tampabay com opinion 2019 09 10 protect floridas coasts from oil spills wednesdays letters",FALSE,"257323050",2019-09-11 00:16:51,"en","1171578312256364546",NA,"everyone","1171578312256364546",NA,"Jim Verhulst","https://pbs.twimg.com/profile_images/1255479431/Verhulst_Jim_wp_10338a_normal.jpg",TRUE,"St. Petersburg, FL, USA",FALSE,"Jim Verhulst is the Sunday Perspective editor of the Tampa Bay Times. He is the Deputy Editor of Editorials and edits the op-ed page.","jimverhulst","2011-02-25T05:08:35.000Z",NA,1,0,0,0,0,820,732,6934,35,"RT @TBTimes_Opinion: ‚ÄúWe are appalled that the Trump administration is trying to auction off our coastal waters and public lands to oil and gas developers,‚Äù writes one St. Pete Beach couple who own a hotel.

https://t.co/n9hQh5wDeG",FALSE
"21","ST. PETERSBURG, Fla. (AP) ‚Äî A decade after the nation‚Äôs worst offshore oil spill, dolphins, turtles and other wildlife in the Gulf of Mexico are still seriously at risk, according to a report released Tuesday. . https   www enewscourier com news state_and_nation wildlife group gulf oil spill still affecting wildlife article_da6cf39a 790b 11ea 82ba df329ce35932 html utm_campaign blox utm_source twitter utm_medium social",FALSE,"28156328",2020-04-07 20:15:05,"en","1247618924746870785",NA,"everyone","1247618924746870785","https://t.co/peZuqz0vvX","The News Courier","https://pbs.twimg.com/profile_images/117687887/courthouse_with_flag_normal.jpg",FALSE,"Athens, AL",FALSE,"The News Courier is an award-winning daily newspaper published in Athens, Alabama, covering Limestone County.","newscourier","2009-04-01T18:02:29.000Z",NA,0,0,0,0,0,4852,230,64172,94,"ST. PETERSBURG, Fla. (AP) ‚Äî A decade after the nation‚Äôs worst offshore oil spill, dolphins, turtles and other wildlife in the Gulf of Mexico are still seriously at risk, according to a report released Tuesday. https://t.co/jX1LWzZuDp",FALSE
"22","ST. PETERSBURG, Fla. (AP) ‚Äî A decade after the nation‚Äôs worst offshore oil spill, dolphins, turtles and other wildlife in&amp;hellip; . https   wtop com animals pets 2020 04 wildlife group gulf oil spill still affecting wildlife",FALSE,"15573537",2020-04-08 04:38:31,"en","1247745616085565442",NA,"everyone","1247745616085565442","https://t.co/RPgAV2KLS8","Jeremiah Charles","https://pbs.twimg.com/profile_images/1505396048717561857/ZXLG8AHG_normal.jpg",FALSE,"Alexandria, VA",FALSE,"Jedi Knight | Entrepreneur | Student of History & The Future | Home Remodeling | Solar Energy | Healthy Lifestyle Advocate #LGM #BayernMunich","JeremiahCharles","2008-07-23T22:20:21.000Z",NA,0,0,0,0,0,12923,10682,22708,123,"ST. PETERSBURG, Fla. (AP) ‚Äî A decade after the nation‚Äôs worst offshore oil spill, dolphins, turtles and other wildlife in&amp;hellip; https://t.co/Lp7vYX6Hn0",FALSE
"23","Deepwater oil spill money pays for an inductive wireless charging bus station: As Electrek wrote in April, we‚Äôre still suffering from the Deepwater Horizon oil spill in the Gulf of Mexico a decade later. Scientists are finding oil from that spill in the‚Ä¶  . https   electrek co 2020 06 10 deepwater oil spill money inductive wireless charging bus station st petersburg florida. https   twitter com broadscaler status 1270719394952298501 photo 1",FALSE,"15844371",2020-06-10 14:08:07,"en","1270719394952298501",NA,"everyone","1270719394952298501","https://t.co/FkUbD7vBGk","Daniel Aharonoff","https://pbs.twimg.com/profile_images/1615895763778965505/Md6iucs8_normal.jpg",FALSE,"CA 91436, USA",FALSE,"Technology Investor & Œûntrepreneur ü¶áüîä","broadscaler","2008-08-14T00:15:29.000Z",NA,0,0,0,0,0,360,326,58187,20,"Deepwater oil spill money pays for an inductive wireless charging bus station: As Electrek wrote in April, we‚Äôre still suffering from the Deepwater Horizon oil spill in the Gulf of Mexico a decade later. Scientists are finding oil from that spill in the‚Ä¶ https://t.co/kjfXn8FbTS https://t.co/5iVuiOQDK0",FALSE
"24","@bdomenech 
We are lucky on the West Coast of Florida in a City of St Pete Beach, Historic Pass-A-Grille.
Been in business for 44 years.
Thru Tropical Depressions, oil spills, Red Tide, power outages  and recessions but nothing like the Coronavirus 
Governor helped back on track.. ",FALSE,"4105325777",2021-04-22 00:05:25,"en","1385021888531996672","14989516","everyone","1385021888531996672",NA,"Ric,,,,k Falkenstein","https://abs.twimg.com/sticky/default_profile_images/default_profile_normal.png",FALSE,NA,FALSE,"Family, Seafood,Sunsets and Beach life","RickFalkenstein","2015-11-03T15:11:06.000Z",NA,0,0,0,0,0,8,35,24,0,"@bdomenech 
We are lucky on the West Coast of Florida in a City of St Pete Beach, Historic Pass-A-Grille.
Been in business for 44 years.
Thru Tropical Depressions, oil spills, Red Tide, power outages  and recessions but nothing like the Coronavirus 
Governor helped back on track.",FALSE
"25","Toxins spilled into our oceans from humans who don‚Äôt care about our planet. They poison our oceans with off shore drilling, dump toxins into our ocean, and major oil spills every year, not to forget Fukushima spill . https   www fox13news com news in one day nine tons of dead fish removed from st pete waters due to red tide elsa",FALSE,"780891230146334720",2021-07-10 14:44:40,"en","1413871799083966468",NA,"everyone","1413871799083966468",NA,"Donna Hylton","https://pbs.twimg.com/profile_images/1436474545179922440/_5lT7Mff_normal.jpg",FALSE,NA,FALSE,"I'm a born again Christian.I am neither Republican or Democrat. I am passionate for the rights and health of people, animal, and earth. I love good journalism.","ReaderDon7","2016-09-27T22:05:52.000Z",NA,0,0,0,0,0,49,549,5772,4,"Toxins spilled into our oceans from humans who don‚Äôt care about our planet. They poison our oceans with off shore drilling, dump toxins into our ocean, and major oil spills every year, not to forget Fukushima spill https://t.co/g3pjBTBZrx",FALSE
"26","@MKRIZSA50 @FriendEden100 I lived on St Pete Beach. This breaks my heart. St PB is one of the ten most beautiful beaches in the world.
After the Exxon Oil Spill, reservations for tourists and weddings were cancelled and nearly bankrupted the area.
This is so much worse. I am so sorry Tampa Bay. ",FALSE,"1239679028337967105",2021-07-17 21:04:28,"en","1416504095679172610","235395935","everyone","1416362891251535873",NA,"Veronica Barrett","https://pbs.twimg.com/profile_images/1391457905115869184/Xjg8QO-l_normal.jpg",FALSE,NA,FALSE,"American Goddess.

The most courageous act is still to think for yourself. Aloud.
    Coco Chanel","Veronic07208343","2020-03-16T22:24:59.000Z",NA,2,0,3,0,0,2123,3910,12484,0,"@MKRIZSA50 @FriendEden100 I lived on St Pete Beach. This breaks my heart. St PB is one of the ten most beautiful beaches in the world.
After the Exxon Oil Spill, reservations for tourists and weddings were cancelled and nearly bankrupted the area.
This is so much worse. I am so sorry Tampa Bay",FALSE
"27","RT @Veronic07208343: @MKRIZSA50 @FriendEden100 I lived on St Pete Beach. This breaks my heart. St PB is one of the ten most beautiful beaches in the world.
After the Exxon Oil Spill, reservations for tourists and weddings were cancelled and nearly bankrupted the area.
This is so much worse. I am so sorry Tampa Bay. ",FALSE,"235395935",2021-07-17 21:21:11,"en","1416508301068615691",NA,"everyone","1416508301068615691",NA,"the real MKL","https://pbs.twimg.com/profile_images/1573853592850780160/Ph0x8wmK_normal.jpg",FALSE,"Ohio & Kentucky, USA",FALSE,"Biden 81,282,916 trump 74,223,369.Tribel Social @mari3865rr Welou Leigh.UVALDEstrongüíîüá∫üá¶.VOTEblueüá∫üá∏.Pro CHOICE is Pro Life!GOPhouse-KevinMcC by the balls!","MKRIZSA50","2011-01-08T02:33:49.000Z","1623173109904732161",2,0,0,0,0,6210,6831,218985,29,"RT @Veronic07208343: @MKRIZSA50 @FriendEden100 I lived on St Pete Beach. This breaks my heart. St PB is one of the ten most beautiful beaches in the world.
After the Exxon Oil Spill, reservations for tourists and weddings were cancelled and nearly bankrupted the area.
This is so much worse. I am so sorry Tampa Bay",FALSE
"28","RT @Veronic07208343: @MKRIZSA50 @FriendEden100 I lived on St Pete Beach. This breaks my heart. St PB is one of the ten most beautiful beaches in the world.
After the Exxon Oil Spill, reservations for tourists and weddings were cancelled and nearly bankrupted the area.
This is so much worse. I am so sorry Tampa Bay. ",FALSE,"1369061300790325251",2021-07-21 01:37:04,"en","1417659860674621445",NA,"everyone","1417659860674621445",NA,"Funny Girl","https://pbs.twimg.com/profile_images/1369061835371057158/A1wgaL3D_normal.jpg",FALSE,NA,FALSE,"Love nature and animals, the GOP are bought & Sold üåäüåäüåäüåäüåä üá®üá¶ Go Democrats!!!üåäüåäüåäüåä End the Filibuster, Expand the Court, Voting Rights! vote Blue!","FunnyGi163","2021-03-08T23:04:47.000Z",NA,2,0,0,0,0,3461,4986,75562,7,"RT @Veronic07208343: @MKRIZSA50 @FriendEden100 I lived on St Pete Beach. This breaks my heart. St PB is one of the ten most beautiful beaches in the world.
After the Exxon Oil Spill, reservations for tourists and weddings were cancelled and nearly bankrupted the area.
This is so much worse. I am so sorry Tampa Bay",FALSE
"29","AND THERE IS AN OIL LEAK IN THE GULF I PRAY IT DOES NOT DRIFT HERE
DESANTIS IS NOT CAPABLE OF PROTECTING ANYTHING BUT HIS WALLET ASK TAMPA ST. PETE
Divers to try to locate source of reported oil spill in Gulf - Coast Guard  #SmartNews. https   www reuters com world us divers try locate source reported oil spill gulf coast guard 2021 09 05",FALSE,"3324024455",2021-09-05 04:55:55,"en","1434379746192752646",NA,"everyone","1434379746192752646",NA,"Resist Republicans in Florida","https://pbs.twimg.com/profile_images/1493850523392528387/VcWVtXVW_normal.jpg",FALSE,"Orlando, FL",FALSE,"üá∫üá∏‚úåüèø‚úåüèæ‚úåüèΩ‚úåüèº‚úåüèªüåàBLMüçÑüå∫Florida is a Blue state.üíôüåä I will always resist the Republican party and every policy they stand forüéØ.  From Trump to Desantisüí©","FLWillRegret22","2015-06-14T01:46:05.000Z","1615886682766860293",1,0,1,0,0,10488,8698,33733,20,"AND THERE IS AN OIL LEAK IN THE GULF I PRAY IT DOES NOT DRIFT HERE
DESANTIS IS NOT CAPABLE OF PROTECTING ANYTHING BUT HIS WALLET ASK TAMPA ST. PETE
Divers to try to locate source of reported oil spill in Gulf - Coast Guard https://t.co/nJB2STspTH #SmartNews",FALSE
"30","RT @1termDesantis: AND THERE IS AN OIL LEAK IN THE GULF I PRAY IT DOES NOT DRIFT HERE
DESANTIS IS NOT CAPABLE OF PROTECTING ANYTHING BUT HIS WALLET ASK TAMPA ST. PETE
Divers to try to locate source of reported oil spill in Gulf - Coast Guard  #SmartNews. https   www reuters com world us divers try locate source reported oil spill gulf coast guard 2021 09 05",FALSE,"1242709697397952512",2021-09-05 05:00:19,"en","1434380853560283137",NA,"everyone","1434380853560283137",NA,"PamelaTweets","https://pbs.twimg.com/profile_images/1543335618217799680/JMmQnOfJ_normal.jpg",FALSE," USA",FALSE,"PLEASE NO LISTS!  DMs IGNORED.  I hate the GQP. Outspoken,  Kindness. Acceptance, AntiFa, LGBTQ, BLM, Music. NO STORES, CRYPTO
**Compliments r not Flirtation **","TweetsPamela","2020-03-25T07:08:31.000Z",NA,1,0,0,0,0,12155,11940,267032,14,"RT @1termDesantis: AND THERE IS AN OIL LEAK IN THE GULF I PRAY IT DOES NOT DRIFT HERE
DESANTIS IS NOT CAPABLE OF PROTECTING ANYTHING BUT HIS WALLET ASK TAMPA ST. PETE
Divers to try to locate source of reported oil spill in Gulf - Coast Guard https://t.co/nJB2STspTH #SmartNews",FALSE
"31","INTERESTING...and then we had an oil spill..???

Florida Coast Guard receives mysterious radio calls threatening to set off depth charges and sink their ships in the Gulf . https   www newsweek com florida st petersburg coast guard threat hoax radio calls depth charges sink ships 1459072",FALSE,"1344409772",2021-10-10 22:52:34,"en","1447334267999162375",NA,"following","1447334267999162375",NA,"Raven Hawk","https://pbs.twimg.com/profile_images/1367567828933615626/dwgckXvQ_normal.jpg",FALSE,"Montana, USA",FALSE,"***NO LISTS - YOU WILL BE BLOCKED*** #TRUMP #MAGA, #DJT, #NRW. #RNC, #NRA,#CCP. #DJT #MAGATN, #DRAINTHESWAMP,  #realDONALDTRUMP, #TRUMPTRAIN,#RW,#JUSTICEWATCH","RavenHawk4","2013-04-11T13:36:44.000Z","1379625513153658881",2,0,1,1,0,13935,14708,269020,11,"INTERESTING...and then we had an oil spill..???

Florida Coast Guard receives mysterious radio calls threatening to set off depth charges and sink their ships in the Gulf https://t.co/AOMGfV1eQT",FALSE
"32","RT @RavenHawk4: INTERESTING...and then we had an oil spill..???

Florida Coast Guard receives mysterious radio calls threatening to set off depth charges and sink their ships in the Gulf . https   www newsweek com florida st petersburg coast guard threat hoax radio calls depth charges sink ships 1459072",FALSE,"49301737",2021-10-10 22:55:23,"en","1447334976949788678",NA,"following","1447334976949788678",NA,"Me","https://pbs.twimg.com/profile_images/1558528559026786306/1uZPc74s_normal.jpg",FALSE,NA,FALSE,"USAF Vet #MAGA ""First Gulf War"" #VETERAN. #CodeOfVets  Proud Yinzer.","Keefer1958","2009-06-21T12:16:15.000Z",NA,2,0,0,0,0,1657,2805,102990,8,"RT @RavenHawk4: INTERESTING...and then we had an oil spill..???

Florida Coast Guard receives mysterious radio calls threatening to set off depth charges and sink their ships in the Gulf https://t.co/AOMGfV1eQT",FALSE
"33","RT @RavenHawk4: INTERESTING...and then we had an oil spill..???

Florida Coast Guard receives mysterious radio calls threatening to set off depth charges and sink their ships in the Gulf . https   www newsweek com florida st petersburg coast guard threat hoax radio calls depth charges sink ships 1459072",FALSE,"705047741911736320",2021-10-10 23:12:56,"en","1447339393463767043",NA,"following","1447339393463767043",NA,"SaySomething","https://pbs.twimg.com/profile_images/1435006779310723073/yqm6uOqC_normal.jpg",FALSE,"The Land Of The Free Because Of The Brave USA",FALSE,"#UltraMAGA
The 2020 Election...They STOLE IT..
We Let Them..
Get Out & VOTE The Midterms...
Never mind they stole that also.
#MAGA #Trump24","HopefulPatriots","2016-03-02T15:10:55.000Z",NA,2,0,0,0,0,5417,5799,290729,62,"RT @RavenHawk4: INTERESTING...and then we had an oil spill..???

Florida Coast Guard receives mysterious radio calls threatening to set off depth charges and sink their ships in the Gulf https://t.co/AOMGfV1eQT",FALSE
"34","Madeira Beach resident Bill Nelson was called on to assist in the BP Oil Spill cleanup in 2010. 

He spent 6 months there and since his return has numerous breathing issues and has been on ventilator 47 times. He found out last week he won't be getting a dollar from BP @BN9 . https   twitter com angie_angers status 1447661132232200194 video 1",FALSE,"706265810",2021-10-11 20:31:24,"en","1447661132232200194",NA,"everyone","1447661132232200194",NA,"Angie Angers","https://pbs.twimg.com/profile_images/1359183461517508612/LPsYPTpE_normal.jpg",TRUE,"Bradenton, FL",FALSE,"Morning reporter at Bay News 9 in St. Pete. RI native and longtime Floridian. Story idea? Golf recs? DM/Email me at angela.angers@charter.com","angie_angers","2012-07-20T02:40:00.000Z",NA,6,3,5,0,0,2996,1063,4225,68,"Madeira Beach resident Bill Nelson was called on to assist in the BP Oil Spill cleanup in 2010. 

He spent 6 months there and since his return has numerous breathing issues and has been on ventilator 47 times. He found out last week he won't be getting a dollar from BP @BN9 https://t.co/CdtinkaKno",FALSE
"35","RT @angie_angers: Madeira Beach resident Bill Nelson was called on to assist in the BP Oil Spill cleanup in 2010. 

He spent 6 months there and since his return has numerous breathing issues and has been on ventilator 47 times. He found out last week he won't be getting a dollar from BP @BN9 . https   twitter com angie_angers status 1447661132232200194 video 1",FALSE,"17308428",2021-10-11 20:32:42,"en","1447661458800746500",NA,"everyone","1447661458800746500","http://t.co/j3OZJEwDmE","Spectrum Bay News 9","https://pbs.twimg.com/profile_images/912176447036502017/BBeoQTuF_normal.jpg",TRUE,"Tampa Bay area",FALSE,"Breaking news first in Tampa Bay. Continuous updates and in-depth coverage only @BN9, @BN9weather and @BN9Traffic can provide  |  News. Weather. Now.","BN9","2008-11-11T12:03:53.000Z",NA,6,0,0,0,0,384372,446,145386,1755,"RT @angie_angers: Madeira Beach resident Bill Nelson was called on to assist in the BP Oil Spill cleanup in 2010. 

He spent 6 months there and since his return has numerous breathing issues and has been on ventilator 47 times. He found out last week he won't be getting a dollar from BP @BN9 https://t.co/CdtinkaKno",FALSE
"36","RT @angie_angers: Madeira Beach resident Bill Nelson was called on to assist in the BP Oil Spill cleanup in 2010. 

He spent 6 months there and since his return has numerous breathing issues and has been on ventilator 47 times. He found out last week he won't be getting a dollar from BP @BN9 . https   twitter com angie_angers status 1447661132232200194 video 1",FALSE,"1299074590073905152",2021-10-11 20:33:01,"en","1447661536021995523",NA,"everyone","1447661536021995523",NA,"Michael Alden","https://pbs.twimg.com/profile_images/1558286825957072897/D0qAvQqd_normal.jpg",FALSE,"St Pete Beach, FL",FALSE,"Marketing & Communications Manager @FollowRTTB | M.A. Journalism @USouthFlorida | Rap üéµ Politics üá∫üá∏ Chiefs and Bucs üèà Runner üèÉ‚Äç‚ôÇÔ∏è","MichaelAldenFL","2020-08-27T20:01:48.000Z",NA,6,0,0,0,0,102,498,454,0,"RT @angie_angers: Madeira Beach resident Bill Nelson was called on to assist in the BP Oil Spill cleanup in 2010. 

He spent 6 months there and since his return has numerous breathing issues and has been on ventilator 47 times. He found out last week he won't be getting a dollar from BP @BN9 https://t.co/CdtinkaKno",FALSE
"37","RT @angie_angers: Madeira Beach resident Bill Nelson was called on to assist in the BP Oil Spill cleanup in 2010. 

He spent 6 months there and since his return has numerous breathing issues and has been on ventilator 47 times. He found out last week he won't be getting a dollar from BP @BN9 . https   twitter com angie_angers status 1447661132232200194 video 1",FALSE,"46797629",2021-10-11 20:34:11,"en","1447661832823525376",NA,"everyone","1447661832823525376",NA,"Laura Topliffe","https://pbs.twimg.com/profile_images/493189627583279105/Fy5h-mLW_normal.jpeg",FALSE,"Champa Bay",FALSE,"Mom, sports, comics, entertainment. Oh almost forgot: shit stirrer
TheToplife everywhere else on social media.","TheTopLife","2009-06-13T01:41:07.000Z","1607786493304766465",6,0,0,0,0,2570,5003,138451,112,"RT @angie_angers: Madeira Beach resident Bill Nelson was called on to assist in the BP Oil Spill cleanup in 2010. 

He spent 6 months there and since his return has numerous breathing issues and has been on ventilator 47 times. He found out last week he won't be getting a dollar from BP @BN9 https://t.co/CdtinkaKno",FALSE
"38","RT @angie_angers: Madeira Beach resident Bill Nelson was called on to assist in the BP Oil Spill cleanup in 2010. 

He spent 6 months there and since his return has numerous breathing issues and has been on ventilator 47 times. He found out last week he won't be getting a dollar from BP @BN9 . https   twitter com angie_angers status 1447661132232200194 video 1",FALSE,"214088469",2021-10-11 20:34:40,"en","1447661952696832014",NA,"everyone","1447661952696832014","https://t.co/EFe2b4T6I3","‚òÄÔ∏è Gauche Douglas","https://pbs.twimg.com/profile_images/1504858955792752640/Nv4dX72Z_normal.jpg",FALSE,"Sunny Florida",FALSE,"Privileged humanist. Patented inventor. Healthcare is a Right. Education is a Right. Organize. #BlackLivesMatter #GoBolts #IDIC #Usufruct","douglasboberg","2010-11-10T14:52:56.000Z","1589767911392284672",6,0,0,0,0,760,439,15194,6,"RT @angie_angers: Madeira Beach resident Bill Nelson was called on to assist in the BP Oil Spill cleanup in 2010. 

He spent 6 months there and since his return has numerous breathing issues and has been on ventilator 47 times. He found out last week he won't be getting a dollar from BP @BN9 https://t.co/CdtinkaKno",FALSE
"39","RT @angie_angers: Madeira Beach resident Bill Nelson was called on to assist in the BP Oil Spill cleanup in 2010. 

He spent 6 months there and since his return has numerous breathing issues and has been on ventilator 47 times. He found out last week he won't be getting a dollar from BP @BN9 . https   twitter com angie_angers status 1447661132232200194 video 1",FALSE,"1548401803",2021-10-11 20:40:51,"en","1447663510700400640",NA,"everyone","1447663510700400640",NA,"BillLundell-Donate Blood!!!","https://pbs.twimg.com/profile_images/1612569491262656514/AFob9xO2_normal.jpg",FALSE,"Florida's Space Coast",FALSE,"Thankyou Twitter for letting me rant-Fuk the Zuk...facebook Obliterated my main account...Fuck facebook!!!Thankyou Twitter","BillLundell1","2013-06-26T14:52:22.000Z",NA,6,0,0,0,0,1528,4894,131477,7,"RT @angie_angers: Madeira Beach resident Bill Nelson was called on to assist in the BP Oil Spill cleanup in 2010. 

He spent 6 months there and since his return has numerous breathing issues and has been on ventilator 47 times. He found out last week he won't be getting a dollar from BP @BN9 https://t.co/CdtinkaKno",FALSE
"40","@angie_angers @BN9 He was called upon, who hired him? They don't provide insurance? Workman's comp? Perhaps he was a contractor? Poor guyüòî",FALSE,"1149632184",2021-10-11 21:38:42,"en","1447678065904128007","706265810","everyone","1447661132232200194","https://t.co/38l8kF79H6","Defining Edge Salon","https://pbs.twimg.com/profile_images/930196106226667521/6bBS_2e9_normal.jpg",FALSE,"26240 US 19 N Clw. FL",FALSE,"Salon services: foiling, balayage, fantasy color, cut, style, weave, waxing, relaxing, keratin, perms & more! 727-442-3343","definingedge","2013-02-05T02:03:31.000Z",NA,0,0,0,0,0,25,30,451,0,NA,TRUE
"41","‚ÄúYou could feel it burn your lungs."" A Madeira Beach man says he just found out he won‚Äôt be getting a dollar from BP for illnesses he says he contracted as a result of the Deepwater Horizon Oil Spill. @angie_angers¬†has his story. . https   www baynews9 com fl tampa news 2021 10 11 bp oil spill cleanup worker s medical claims rejected",FALSE,"17308428",2021-10-11 22:15:02,"en","1447687211407876096",NA,"everyone","1447687211407876096","http://t.co/j3OZJEwDmE","Spectrum Bay News 9","https://pbs.twimg.com/profile_images/912176447036502017/BBeoQTuF_normal.jpg",TRUE,"Tampa Bay area",FALSE,"Breaking news first in Tampa Bay. Continuous updates and in-depth coverage only @BN9, @BN9weather and @BN9Traffic can provide  |  News. Weather. Now.","BN9","2008-11-11T12:03:53.000Z",NA,1,1,3,0,0,384372,446,145386,1755,"‚ÄúYou could feel it burn your lungs."" A Madeira Beach man says he just found out he won‚Äôt be getting a dollar from BP for illnesses he says he contracted as a result of the Deepwater Horizon Oil Spill. @angie_angers¬†has his story. https://t.co/SPZLMOgC8w",FALSE
"42","@angie_angers @BN9 Hi Bill Nelson,  Have you considered lung transplant?  Jeanette",FALSE,"18403485",2021-10-14 19:01:22,"en","1448725635497611274","706265810","everyone","1447661132232200194",NA,"jbraxton","https://pbs.twimg.com/profile_images/684587544/Ankh_-_Key_of_Life_-_9-03-08_normal.jpg",FALSE,NA,FALSE,"","jbraxton","2008-12-27T06:02:34.000Z",NA,0,0,0,0,0,7,64,14,0,NA,TRUE
"43","Associate Professor Heather Judkins is discovering new species while part of a team @Squirt_GOM studying the impact of oil spills in the Gulf of Mexico. 

Judkins will get to continue her work on July 26 during a 12-day research cruise. #biology #science 
 . https   www stpetersburg usf edu news 2022 biology professor research gulf aspx. https   twitter com usfsp status 1550100017314029568 video 1",FALSE,"143476735",2022-07-21 12:46:58,"en","1550100017314029568",NA,"everyone","1550100017314029568","https://t.co/U8V9paOPAt","USF St. Petersburg campus","https://pbs.twimg.com/profile_images/1620822877032583168/Gkd00RLr_normal.jpg",FALSE,"St. Petersburg, Florida",FALSE,"Situated on 52 acres of waterfront in downtown St. Petersburg, our campus offers an intimate academic experience with all the benefits of a large institution.","usfsp","2010-05-13T15:32:28.000Z",NA,4,0,4,0,0,3325,242,4621,60,"Associate Professor Heather Judkins is discovering new species while part of a team @Squirt_GOM studying the impact of oil spills in the Gulf of Mexico. 

Judkins will get to continue her work on July 26 during a 12-day research cruise. #biology #science 
https://t.co/12zbk56mSK https://t.co/zOG0ZwEoZf",FALSE
"44","RT @usfsp: Associate Professor Heather Judkins is discovering new species while part of a team @Squirt_GOM studying the impact of oil spills in the Gulf of Mexico. 

Judkins will get to continue her work on July 26 during a 12-day research cruise. #biology #science 
 . https   www stpetersburg usf edu news 2022 biology professor research gulf aspx. https   twitter com usfsp status 1550100017314029568 video 1",FALSE,"39306293",2022-07-21 17:59:40,"en","1550178712448032768",NA,"everyone","1550178712448032768","https://t.co/SN4sGCoO2k","University of South Florida","https://pbs.twimg.com/profile_images/1620798425905221635/AZlYTc6m_normal.jpg",TRUE,"Tampa, Florida",FALSE,"America‚Äôs fastest-rising university. https://t.co/5aD6QAX0Qt | https://t.co/75GX9gSzeX | https://t.co/bhfEr6fkp2","USouthFlorida","2009-05-11T18:21:04.000Z",NA,4,0,0,0,0,120283,375,19825,602,"RT @usfsp: Associate Professor Heather Judkins is discovering new species while part of a team @Squirt_GOM studying the impact of oil spills in the Gulf of Mexico. 

Judkins will get to continue her work on July 26 during a 12-day research cruise. #biology #science 
https://t.co/12zbk56mSK https://t.co/zOG0ZwEoZf",FALSE
"45","RT @usfsp: Associate Professor Heather Judkins is discovering new species while part of a team @Squirt_GOM studying the impact of oil spills in the Gulf of Mexico. 

Judkins will get to continue her work on July 26 during a 12-day research cruise. #biology #science 
 . https   www stpetersburg usf edu news 2022 biology professor research gulf aspx. https   twitter com usfsp status 1550100017314029568 video 1",FALSE,"883096526",2022-07-21 18:55:12,"en","1550192685444644866",NA,"everyone","1550192685444644866",NA,"Sarah Sell","https://pbs.twimg.com/profile_images/656292098740781056/OQtdydgH_normal.jpg",TRUE,"Tampa, FL",FALSE,"Communications & Marketing USF @usfsp. Former TV reporter/anchor Flint, Detroit and Grand Rapids.","sfsell","2012-10-15T20:49:33.000Z",NA,4,0,0,0,0,1076,184,1147,37,"RT @usfsp: Associate Professor Heather Judkins is discovering new species while part of a team @Squirt_GOM studying the impact of oil spills in the Gulf of Mexico. 

Judkins will get to continue her work on July 26 during a 12-day research cruise. #biology #science 
https://t.co/12zbk56mSK https://t.co/zOG0ZwEoZf",FALSE
"46","RT @usfsp: Associate Professor Heather Judkins is discovering new species while part of a team @Squirt_GOM studying the impact of oil spills in the Gulf of Mexico. 

Judkins will get to continue her work on July 26 during a 12-day research cruise. #biology #science 
 . https   www stpetersburg usf edu news 2022 biology professor research gulf aspx. https   twitter com usfsp status 1550100017314029568 video 1",FALSE,"159496534",2022-07-21 19:54:18,"en","1550207558534606848",NA,"everyone","1550207558534606848","https://t.co/PvkpbiPwvN","USF College of Arts and Sciences","https://pbs.twimg.com/profile_images/1620801957723275264/N0TKWpIM_normal.jpg",FALSE,"Tampa, Fla.",FALSE,"With 23 academic departments & 14 research centers/institutes, the College of Arts & Sciences is the intellectual heart of the University of South Florida.","CASatUSF","2010-06-25T14:54:13.000Z","1623331080110739458",4,0,0,0,0,2542,470,2804,40,"RT @usfsp: Associate Professor Heather Judkins is discovering new species while part of a team @Squirt_GOM studying the impact of oil spills in the Gulf of Mexico. 

Judkins will get to continue her work on July 26 during a 12-day research cruise. #biology #science 
https://t.co/12zbk56mSK https://t.co/zOG0ZwEoZf",FALSE
"47","RT @usfsp: Associate Professor Heather Judkins is discovering new species while part of a team @Squirt_GOM studying the impact of oil spills in the Gulf of Mexico. 

Judkins will get to continue her work on July 26 during a 12-day research cruise. #biology #science 
 . https   www stpetersburg usf edu news 2022 biology professor research gulf aspx. https   twitter com usfsp status 1550100017314029568 video 1",FALSE,"277215536",2022-07-21 21:24:56,"en","1550230368980123648",NA,"everyone","1550230368980123648","https://t.co/Ju9eQDL6gq","USF Research","https://pbs.twimg.com/profile_images/1590011055840714753/hTIYNfjT_normal.png",FALSE,"Tampa, Florida",FALSE,"Official Twitter account of USF Research & Innovation: the University of South Florida is home to world-class, world changing research.","USFResearch","2011-04-04T22:55:18.000Z",NA,4,0,0,0,0,10990,3090,18485,162,"RT @usfsp: Associate Professor Heather Judkins is discovering new species while part of a team @Squirt_GOM studying the impact of oil spills in the Gulf of Mexico. 

Judkins will get to continue her work on July 26 during a 12-day research cruise. #biology #science 
https://t.co/12zbk56mSK https://t.co/zOG0ZwEoZf",FALSE
"48","Part of the DEEPEND Consortium, #USF professor Heather Judkins studies the impact of oil spills in the Gulf of Mexico.

This week, she‚Äôll embark on another research trip to collect specimens &amp; examine how biodiversity in the area has changed over time.üåäüî¨ . https   www stpetersburg usf edu news 2022 biology professor research gulf aspx",FALSE,"39306293",2022-07-25 15:02:00,"en","1551583553192083456",NA,"everyone","1551583553192083456","https://t.co/SN4sGCoO2k","University of South Florida","https://pbs.twimg.com/profile_images/1620798425905221635/AZlYTc6m_normal.jpg",TRUE,"Tampa, Florida",FALSE,"America‚Äôs fastest-rising university. https://t.co/5aD6QAX0Qt | https://t.co/75GX9gSzeX | https://t.co/bhfEr6fkp2","USouthFlorida","2009-05-11T18:21:04.000Z",NA,2,0,3,0,0,120283,375,19825,602,"Part of the DEEPEND Consortium, #USF professor Heather Judkins studies the impact of oil spills in the Gulf of Mexico.

This week, she‚Äôll embark on another research trip to collect specimens &amp; examine how biodiversity in the area has changed over time.üåäüî¨ https://t.co/kzlsI5rjC1",FALSE
"49","A University of South Florida St. Petersburg biologist is back on land after discovering new species of marine life while out in the Gulf of Mexico. She was studying the impacts of the 2010 oil spill and the fish affected by the environmental disaster.  . https   www fox13news com news usf biologist discovers new marine life species while studying 2010 oil spill impacts in the gulf of mexico",FALSE,"15750898",2022-08-18 05:00:43,"en","1560129544186634240",NA,"everyone","1560129544186634240","https://t.co/MUtKcxEsVq","FOX 13 Tampa Bay","https://pbs.twimg.com/profile_images/1459177564178681893/Y3jxK1Xd_normal.jpg",TRUE,"Tampa, FL",FALSE,"Bringing you the important stuff, like breaking news & weather alerts. But also plenty of fun stories, like sports updates and all those #WeLiveHere tales.","FOX13News","2008-08-06T15:12:10.000Z","1598030799273660422",2,0,6,0,0,377200,4626,258193,1876,"A University of South Florida St. Petersburg biologist is back on land after discovering new species of marine life while out in the Gulf of Mexico. She was studying the impacts of the 2010 oil spill and the fish affected by the environmental disaster.  https://t.co/BCcPeLOir2",FALSE
"50","RT @FOX13News: A University of South Florida St. Petersburg biologist is back on land after discovering new species of marine life while out in the Gulf of Mexico. She was studying the impacts of the 2010 oil spill and the fish affected by the environmental disaster.  . https   www fox13news com news usf biologist discovers new marine life species while studying 2010 oil spill impacts in the gulf of mexico",FALSE,"1456782305209499660",2022-08-18 05:08:39,"en","1560131538624413696",NA,"everyone","1560131538624413696","https://t.co/rIoEMB2X4l","Charlie O‚ÄôGarrity","https://pbs.twimg.com/profile_images/1608818854431531008/jnT0wIZr_normal.jpg",FALSE,"USA/ES üá∫üá∏üá™üá∏",FALSE,"Actor/Filmmaker üé≠üé•üé¨ ‚Ä¢ Business Entrepreneur & Owner: @officialbbm_dk üëîüíºü•äü§º‚Äç‚ôÇÔ∏èü•ã ‚Ä¢ Athlete/Instructor ‚Ä¢ Phil.4:13 ‚úùÔ∏è ‚Ä¢ #TheFuture ‚Ä¢ UCF ‚öîÔ∏èüõ°‚ö°Ô∏èüîõ","OfficialCG44","2021-11-06T00:36:05.000Z","1512259086687125504",2,0,0,0,0,465,2584,47791,0,"RT @FOX13News: A University of South Florida St. Petersburg biologist is back on land after discovering new species of marine life while out in the Gulf of Mexico. She was studying the impacts of the 2010 oil spill and the fish affected by the environmental disaster.  https://t.co/BCcPeLOir2",FALSE
"51","RT @FOX13News: A University of South Florida St. Petersburg biologist is back on land after discovering new species of marine life while out in the Gulf of Mexico. She was studying the impacts of the 2010 oil spill and the fish affected by the environmental disaster.  . https   www fox13news com news usf biologist discovers new marine life species while studying 2010 oil spill impacts in the gulf of mexico",FALSE,"1346938687125262344",2022-08-18 05:58:43,"en","1560144139479662593",NA,"everyone","1560144139479662593",NA,"üêàüêæüêàüêæ Sissy Skies 83 üêàüêæüêàüêæ","https://pbs.twimg.com/profile_images/1347227117541584900/LgHlNmuH_normal.jpg",FALSE,NA,FALSE,"Loves Marvel Comics and huge Hugh Jackman Fan and loves Horses and cats.","SissySkies","2021-01-06T21:57:27.000Z",NA,2,0,0,0,0,191,254,8205,2,"RT @FOX13News: A University of South Florida St. Petersburg biologist is back on land after discovering new species of marine life while out in the Gulf of Mexico. She was studying the impacts of the 2010 oil spill and the fish affected by the environmental disaster.  https://t.co/BCcPeLOir2",FALSE
"52","In this @FOX13News story, USF St. Petersburg marine biologist Heather Judkins recounts her recent expedition on the DEEPEND Consortium cruise in the Gulf of Mexico where she discovered new species of marine life in the deep sea. 

. https   www fox13news com news usf biologist discovers new marine life species while studying 2010 oil spill impacts in the gulf of mexico",FALSE,"143476735",2022-08-18 17:59:32,"en","1560325537851232256",NA,"mentionedUsers","1560325537851232256","https://t.co/U8V9paOPAt","USF St. Petersburg campus","https://pbs.twimg.com/profile_images/1620822877032583168/Gkd00RLr_normal.jpg",FALSE,"St. Petersburg, Florida",FALSE,"Situated on 52 acres of waterfront in downtown St. Petersburg, our campus offers an intimate academic experience with all the benefits of a large institution.","usfsp","2010-05-13T15:32:28.000Z",NA,0,0,1,0,0,3325,242,4621,60,"In this @FOX13News story, USF St. Petersburg marine biologist Heather Judkins recounts her recent expedition on the DEEPEND Consortium cruise in the Gulf of Mexico where she discovered new species of marine life in the deep sea. 

https://t.co/M3h8psfN3w",FALSE
"53","Gazprom said the shutdown was because of an oil leak discovered in the main gas turbine at the Portovaya compressor station near St Petersburg, which feeds the line that runs through the Baltic Sea to Germany. 8/n. ",FALSE,"86437069",2022-09-03 03:28:53,"en","1565904637466910720","86437069","everyone","1565904623017553920",NA,"Ajay Bagga","https://pbs.twimg.com/profile_images/1498354481767251968/69PPGlrH_normal.jpg",FALSE,"Mumbai,India",FALSE,"Successful Long Term Investor,StartUp Mentor,Market Expert,Global Macros Commentator with over 5000 TV shows. https://t.co/X9R0nNd45Q","Ajay_Bagga","2009-10-31T01:23:18.000Z",NA,7,1,68,0,0,199770,5265,43066,806,"Gazprom said the shutdown was because of an oil leak discovered in the main gas turbine at the Portovaya compressor station near St Petersburg, which feeds the line that runs through the Baltic Sea to Germany. 8/n",FALSE
"54","RT @Ajay_Bagga: Gazprom said the shutdown was because of an oil leak discovered in the main gas turbine at the Portovaya compressor station near St Petersburg, which feeds the line that runs through the Baltic Sea to Germany. 8/n. ",FALSE,"1242411395586523137",2022-09-03 03:30:09,"en","1565904955491622912",NA,"everyone","1565904955491622912",NA,"R","https://pbs.twimg.com/profile_images/1464092436448178178/mYEl-W0y_normal.jpg",FALSE,NA,FALSE,"","RohanSh84962231","2020-03-24T11:22:37.000Z",NA,7,0,0,0,0,37,182,9408,0,"RT @Ajay_Bagga: Gazprom said the shutdown was because of an oil leak discovered in the main gas turbine at the Portovaya compressor station near St Petersburg, which feeds the line that runs through the Baltic Sea to Germany. 8/n",FALSE
"55","RT @Ajay_Bagga: Gazprom said the shutdown was because of an oil leak discovered in the main gas turbine at the Portovaya compressor station near St Petersburg, which feeds the line that runs through the Baltic Sea to Germany. 8/n. ",FALSE,"1397756765677129739",2022-09-03 04:39:10,"en","1565922324473589765",NA,"everyone","1565922324473589765",NA,"Pallav Sharma","https://pbs.twimg.com/profile_images/1488059839418753025/YaQshnFn_normal.jpg",FALSE,"Kolkata, India",FALSE,"Chemical reaction","soulaatmaan","2021-05-27T03:29:48.000Z",NA,7,0,0,0,0,100,503,38941,2,"RT @Ajay_Bagga: Gazprom said the shutdown was because of an oil leak discovered in the main gas turbine at the Portovaya compressor station near St Petersburg, which feeds the line that runs through the Baltic Sea to Germany. 8/n",FALSE
"56","RT @Ajay_Bagga: Gazprom said the shutdown was because of an oil leak discovered in the main gas turbine at the Portovaya compressor station near St Petersburg, which feeds the line that runs through the Baltic Sea to Germany. 8/n. ",FALSE,"1254388440814280707",2022-09-03 05:49:29,"en","1565940019910819846",NA,"everyone","1565940019910819846",NA,"Rakesh Kumar","https://pbs.twimg.com/profile_images/1254388821090807809/DFQ09Xll_normal.jpg",FALSE,"patna",FALSE,"because I am specialist","RakeshK41581265","2020-04-26T12:35:06.000Z",NA,7,0,0,0,0,89,22,8485,0,"RT @Ajay_Bagga: Gazprom said the shutdown was because of an oil leak discovered in the main gas turbine at the Portovaya compressor station near St Petersburg, which feeds the line that runs through the Baltic Sea to Germany. 8/n",FALSE
"57","RT @Ajay_Bagga: Gazprom said the shutdown was because of an oil leak discovered in the main gas turbine at the Portovaya compressor station near St Petersburg, which feeds the line that runs through the Baltic Sea to Germany. 8/n. ",FALSE,"1453180627",2022-09-03 06:04:29,"en","1565943795157704705",NA,"everyone","1565943795157704705",NA,"‡§ß‡•ç‡§∞‡•Å‡§µ ‡§≠‡•Ä‡§Æ‡§∞‡§æ‡§ú‡§ï‡§æ üáÆüá≥","https://pbs.twimg.com/profile_images/1144591681435496449/hKpVmh4a_normal.jpg",FALSE,NA,FALSE,"https://t.co/NrwM7LeKdD‚Ä¶
https://t.co/f4AjF23qif
views are strictly personal.","dhruvbhim","2013-05-24T03:57:07.000Z","840420576262987777",7,0,0,0,0,4416,106,1329218,601,"RT @Ajay_Bagga: Gazprom said the shutdown was because of an oil leak discovered in the main gas turbine at the Portovaya compressor station near St Petersburg, which feeds the line that runs through the Baltic Sea to Germany. 8/n",FALSE
"58","RT @Ajay_Bagga: Gazprom said the shutdown was because of an oil leak discovered in the main gas turbine at the Portovaya compressor station near St Petersburg, which feeds the line that runs through the Baltic Sea to Germany. 8/n. ",FALSE,"1613202594",2022-09-03 06:40:39,"en","1565952897455882241",NA,"everyone","1565952897455882241",NA,"Akhand Bharat üáÆüá≥","https://pbs.twimg.com/profile_images/1301897010065240065/sKIDpF_F_normal.jpg",FALSE,NA,FALSE,"Nationalist, Proud of Sanatan Dharma.
Likes/RTs are not endorsement.

‡§ú‡§Ø ‡§∂‡•ç‡§∞‡•Ä‡§∞‡§æ‡§Æ ‡•§‡•§ ‡§ú‡§Ø ‡§∂‡•ç‡§∞‡•Ä‡§ï‡•É‡§∑‡•ç‡§£‡§æ ‡•§‡•§","vikas1689","2013-07-22T16:54:52.000Z",NA,7,0,0,0,0,1488,59,810369,142,"RT @Ajay_Bagga: Gazprom said the shutdown was because of an oil leak discovered in the main gas turbine at the Portovaya compressor station near St Petersburg, which feeds the line that runs through the Baltic Sea to Germany. 8/n",FALSE
"59","RT @Ajay_Bagga: Gazprom said the shutdown was because of an oil leak discovered in the main gas turbine at the Portovaya compressor station near St Petersburg, which feeds the line that runs through the Baltic Sea to Germany. 8/n. ",FALSE,"85057698",2022-09-03 07:34:52,"en","1565966543451725827",NA,"everyone","1565966543451725827","https://t.co/8k3ZIKIMtu","MANISH KR PANDEY","https://pbs.twimg.com/profile_images/1898122995/320944_280060122019261_100000458256387_1057232_533089707_n_normal.jpg",FALSE,"Navi Mumbai",FALSE,"#IIM #ISB #Nationalist #Progressive #Hindu #InvestmentBanking #PersonalFinance #WealthMgmt #Economics #Astro #Sports #Travel #NewIndia #Finance","manishkp243","2009-10-25T10:55:20.000Z","1047913833887649793",7,0,0,0,0,684,1246,10382,12,"RT @Ajay_Bagga: Gazprom said the shutdown was because of an oil leak discovered in the main gas turbine at the Portovaya compressor station near St Petersburg, which feeds the line that runs through the Baltic Sea to Germany. 8/n",FALSE
"60","‚Äú[State-owned #Gazprom] said the shutdown was because of an #oil leak discovered in the main #gas turbine at the Portovaya compressor station near St Petersburg, which feeds the line that runs through the Baltic Sea to #Germany.‚Äù #sanctions #compliance . https   twitter com FT status 1565764151410135040",FALSE,"621185967",2022-09-03 12:51:44,"en","1566046285047758853",NA,"everyone","1566046285047758853","https://t.co/hbxt1q9ptk","Mark Warner","https://pbs.twimg.com/profile_images/513324609211355139/oBm3BGU3_normal.jpeg",FALSE,NA,FALSE,"Mark A. A. Warner ‚Äì adviser, author, speaker, media commentator on international competition, trade & investment policy","MAAWLAW","2012-06-28T16:06:57.000Z","1622330161680076802",0,1,0,0,0,4898,990,56932,147,"‚Äú[State-owned #Gazprom] said the shutdown was because of an #oil leak discovered in the main #gas turbine at the Portovaya compressor station near St Petersburg, which feeds the line that runs through the Baltic Sea to #Germany.‚Äù #sanctions #compliance https://t.co/NUS7xGhGNh",FALSE
"61","BR OIL SPILL MONEY AND MILES FROM THE BEACH. GO FIGURE.
How should St. Pete spend oil spill funding?  via @stpetecatalyst. https   stpetecatalyst com how should st pete spend oil spill funding",FALSE,"1543581270654976002",2022-09-10 20:13:57,"en","1568694286060818437",NA,"everyone","1568694286060818437",NA,"üíôüè≥Ô∏è‚Äçüåàüë≠üè≥Ô∏è‚Äç‚ößÔ∏è Fitness/Sports/Finance/Life","https://pbs.twimg.com/profile_images/1543583528125976578/QE2owTiH_normal.jpg",FALSE,"St Petersburg FL",FALSE,"She, Married Paulina, Fitness Sports Finance News. Living the Best Life. Sun Water Babies. Nudist Tanned, Hawaiian. Sports Betting.  SB bet the Over!","FitnessandFina3","2022-07-03T13:04:03.000Z",NA,0,0,0,0,0,2341,2504,6161,1,"BR OIL SPILL MONEY AND MILES FROM THE BEACH. GO FIGURE.
How should St. Pete spend oil spill funding? https://t.co/HQvBeyuHUk via @stpetecatalyst",FALSE
"62","@DeadlineWH @McFaul @NicolleDWallace üó£Ô∏èüí¨ 2010 BP Oil Spill. Seen the after effects in Florida for my 3-week vacation. Tampa Bay, Sarasota, St. Petersburg, New Port Richey. Hehe. üõ¢Ô∏èüåä. ",FALSE,"1496174892345180160",2022-09-28 21:21:28,"en","1575234259895218176","860123351154556928","everyone","1574544436264161299","https://t.co/JdfXIe9fIV","PSN: TheShowgunGamer ‚õ©Ô∏èüèØ","https://pbs.twimg.com/profile_images/1614481518092591104/wc1T3HOM_normal.jpg",FALSE,"Albany, New York",FALSE,"Video Game Extraordinaire üéÆ Polyamorous ‚ù§ Disabled Rights ‚ôø Politics üó£ Film Enthusiast üé• Sports JunkieüèÖGraphics Designer üé® Idealistüí°egameboss@gmail.com üìß","TheShogunGamer","2022-02-22T17:28:17.000Z",NA,0,0,0,0,0,255,263,17565,2,"@DeadlineWH @McFaul @NicolleDWallace üó£Ô∏èüí¨ 2010 BP Oil Spill. Seen the after effects in Florida for my 3-week vacation. Tampa Bay, Sarasota, St. Petersburg, New Port Richey. Hehe. üõ¢Ô∏èüåä",FALSE
