"","text","author_id","conversation_id","created_at.x","id","reply_settings","possibly_sensitive","lang","in_reply_to_user_id","name","username","description","pinned_tweet_id","profile_image_url","created_at.y","protected","verified","location","url","public_metrics.x_retweet_count","public_metrics.x_reply_count","public_metrics.x_like_count","public_metrics.x_quote_count","public_metrics.x_bookmark_count","public_metrics.x_impression_count","public_metrics.y_followers_count","public_metrics.y_following_count","public_metrics.y_tweet_count","public_metrics.y_listed_count","public_metrics.y_like_count","text_with_display_links","geo_place_id","reply.to.thread.no.term"
"1","As if the beaches didn‚Äôt have enough to deal with, Pinellas County officials say medium concentrations of red tide found off St. Pete Beach, Madeira Beach and Dunedin Causeway. Low concentrations off Pass-a-Grille, Clearwater Intracoastal Waterway and Honeymoon Island.","2420012296","1841518162069561670",2024-10-02 16:38:38,"1841518162069561670","everyone",FALSE,"en",NA,"Kailey Tracy Fox 13","KaileyTracy","Reporter for @Fox13News | Proud @ElonUniversity alum | Baltimore native | Avid foodie | Sunset enthusiast | @Ravens fanatic | Stories ‚û°Ô∏è kailey.tracy@fox.com","1580013570066378753","https://pbs.twimg.com/profile_images/1777697675686608896/xsEmqKvR_normal.jpg","2014-03-18T12:59:33.000Z",FALSE,FALSE,"St Petersburg, FL",NA,0,0,0,0,0,164,2678,1963,16912,50,72616,"As if the beaches didn‚Äôt have enough to deal with, Pinellas County officials say medium concentrations of red tide found off St. Pete Beach, Madeira Beach and Dunedin Causeway. Low concentrations off Pass-a-Grille, Clearwater Intracoastal Waterway and Honeymoon Island.",NA,NA
"2","(2/x) ""... low to medium concentrations of Red Tide detected in water samples taken from Pinellas waters. Low concentrations were found off Pass-a-Grille, the Clearwater Intracoastal Waterway and Honeymoon Island.
Medium concentrations were found off St. Pete Beach, ...""","13058782","1841506604388127191",2024-10-02 15:53:01,"1841506681445879816","everyone",FALSE,"en","13058782","Se√°n Kinane WMNF","wmnfnews","WMNF Community Radio news from #Tampa, #StPete, Sarasota #Florida & beyond. Tweets by WMNF News and Public Affairs Director Se√°n Kinane. he/him","1380000214661136388","https://pbs.twimg.com/profile_images/1519035778059358217/mUPjQqsF_normal.jpg","2008-02-04T18:22:04.000Z",FALSE,FALSE,"Tampa, FL USA","https://t.co/bUWYk8x2JM",0,1,1,0,0,95,6516,2626,80993,348,50506,"(2/x) ""... low to medium concentrations of Red Tide detected in water samples taken from Pinellas waters. Low concentrations were found off Pass-a-Grille, the Clearwater Intracoastal Waterway and Honeymoon Island.
Medium concentrations were found off St. Pete Beach, ...""",NA,NA
"3","@KristyTallman free spirulina?","1713942463","1832834534251106310",2024-09-08 17:35:58,"1832835283186028814","everyone",FALSE,"et","74839195","Psykes Group Darling","SarahCorvus","Schadenfreude Sommelier","1686849767819837440","https://pbs.twimg.com/profile_images/1585472122087886848/xbFSoXcN_normal.jpg","2013-08-30T22:47:56.000Z",FALSE,FALSE,"keybase.io/opus1","https://t.co/0UKNW8qs1F",0,0,0,0,0,3,600,2012,6211,26,2891,NA,NA,TRUE
"4","The Gulf of Finland in St. Petersburg, Russia, Turns Green Due to Algae Growth

Reports suggest the bright green color is caused by algae, which thrive and die off in the daytime heat.

#GulfofFinland #StPetersburg #AlgaeBloom #EnvironmentalNews #Russia #WaterQuality‚Ä¶ https://t.co/lMPpWDLzQa https://t.co/c2smql18vX","74839195","1832834534251106310",2024-09-08 17:33:00,"1832834534251106310","everyone",FALSE,"en",NA,"Kristy Tallman","KristyTallman","Journalist, Photographer & Author of Psychological/Political Thrillers, combined with Poetry & Song.","1833594487681257923","https://pbs.twimg.com/profile_images/1817840013406765056/aWxxyjfb_normal.jpg","2009-09-16T21:11:19.000Z",FALSE,FALSE,"Lebanon, Oregon ",NA,0,1,0,0,0,69,2327,2762,9700,59,5580,"The Gulf of Finland in St. Petersburg, Russia, Turns Green Due to Algae Growth

Reports suggest the bright green color is caused by algae, which thrive and die off in the daytime heat.

#GulfofFinland #StPetersburg #AlgaeBloom #EnvironmentalNews #Russia #WaterQuality‚Ä¶ https://t.co/lMPpWDLzQa https://t.co/c2smql18vX","a12170d40e438f19",FALSE
"5","@StPeteFL Fun Fact: The City's sewage spills contribute to red tide. (But it's ok. Keep overdeveloping the area before you fix the infrastructure).
https://t.co/UpXfPuwAz7","1398405213367767040","1831412900105470394",2024-09-05 19:24:44,"1831775493135462506","everyone",FALSE,"en","65459725","Krise","WorstMayorEva","",NA,"https://pbs.twimg.com/profile_images/1398408831949021186/oWMmFms0_normal.jpg","2021-05-28T22:27:23.000Z",FALSE,FALSE,"St Petersburg, FL",NA,0,0,1,0,0,4,44,132,359,1,238,"@StPeteFL Fun Fact: The City's sewage spills contribute to red tide. (But it's ok. Keep overdeveloping the area before you fix the infrastructure).
https://t.co/UpXfPuwAz7",NA,FALSE
"6","@seanhannity It‚Äôs a possible source stock for diesel fuel.. you didn‚Äôt know?  https://t.co/gvzQuvvS8Y

Also, Putin fooled you on Russia 800AD. The Russ (Rowers) Nordic people founded Kyiv ahead of St. Petersburg or Moscow,  and into the River Siene too, yes Paris, around the same era.","57580230","1821248481253556665",2024-08-08 01:01:21,"1821350954379452550","everyone",TRUE,"en","41634520","Roberto Sylianteng","rsylianteng","Management practitioner and mentor.","1594213633797419009","https://pbs.twimg.com/profile_images/1090268169/images_normal.jpg","2009-07-17T07:20:38.000Z",FALSE,FALSE,"Escolta, Manila, Philippines",NA,0,0,2,0,0,31,92,510,8659,2,380,"@seanhannity It‚Äôs a possible source stock for diesel fuel.. you didn‚Äôt know?  https://t.co/gvzQuvvS8Y

Also, Putin fooled you on Russia 800AD. The Russ (Rowers) Nordic people founded Kyiv ahead of St. Petersburg or Moscow,  and into the River Siene too, yes Paris, around the same era.",NA,NA
"7","@Boosted_DGK It's only bad sometimes because of the Red Tide. Sarasota and St Pete are so so nice usually. Idk as much about east coast beaches though","1375177605889032206","1804930768969609451",2024-06-23 19:12:52,"1804955802786050081","everyone",FALSE,"en","244602653","Mako | Viri","ViriROB","Smash Bros Competitor | Tampa Player | Mako Esports | #1 in Tampa | Steph üíó",NA,"https://pbs.twimg.com/profile_images/1587491647289524224/5Pvtw_aa_normal.jpg","2021-03-25T20:07:53.000Z",FALSE,FALSE,"Tampa, FL",NA,0,1,3,0,0,75,794,396,11379,2,12339,"@Boosted_DGK It's only bad sometimes because of the Red Tide. Sarasota and St Pete are so so nice usually. Idk as much about east coast beaches though",NA,NA
"8","@xM1l3s @danielgothits Absolutely. Saratoga weather is nice too. A bit touristy with Tampa and St Pete around the corner. But if you don‚Äôt mind that. that‚Äôs the ticket. Beaches are nice most of the year except when red tide.. ","1418750262504787976","1784478727448969237",2024-04-28 11:58:39,"1784552809565704250","everyone",FALSE,"en","61134911","0berly0 üååüåÑüñã","iam0berly0","Penman Basic. (üå≥üå≥) üü™","1485736444308172809","https://pbs.twimg.com/profile_images/1771536146171842561/f4urDmeV_normal.jpg","2021-07-24T01:52:55.000Z",FALSE,FALSE,"üåé","https://t.co/KKidN4LRVu",0,0,1,0,0,43,1115,3559,37083,15,137362,"@xM1l3s @danielgothits Absolutely. Saratoga weather is nice too. A bit touristy with Tampa and St Pete around the corner. But if you don‚Äôt mind that. that‚Äôs the ticket. Beaches are nice most of the year except when red tide.",NA,NA
"9","Exciting news! USF St. Petersburg Assistant Professor Heather O'Leary was featured on #NPR for turning #coralreef and #redtide research into a musical composition. Check out the groundbreaking collaboration with the USF School of Music here ‚¨áÔ∏è
. https   www npr org 2024 04 04 1242001322 algae bloom florida","143476735","1783527759765016676",2024-04-25 16:05:28,"1783527759765016676","everyone",FALSE,"en",NA,"USF St. Petersburg","usfsp","Situated on 52 acres of waterfront in downtown St. Petersburg, our campus offers an intimate academic experience with all the benefits of a large institution.","1684590221252550656","https://pbs.twimg.com/profile_images/1784931913012256768/-Ms3U_yO_normal.jpg","2010-05-13T15:32:28.000Z",FALSE,FALSE,"St. Petersburg, Florida","https://t.co/U8V9paOPAt",0,0,0,0,0,94,3465,247,5219,63,3768,"Exciting news! USF St. Petersburg Assistant Professor Heather O'Leary was featured on #NPR for turning #coralreef and #redtide research into a musical composition. Check out the groundbreaking collaboration with the USF School of Music here ‚¨áÔ∏è
https://t.co/ltYpfZh4PM",NA,NA
"10","RT @wusf: Hurricanes and red tides could become more powerful as the Gulf of Mexico heats to record levels. But budget cuts are threatening a system that monitors conditions there ‚Äî including programs based in St. Petersburg and Sarasota.
. https   www wusf org environment 2024 04 08 hurricane red tide gulf early warning budget cuts cripple","192777160","1777340723525812467",2024-04-08 14:20:24,"1777340723525812467","everyone",FALSE,"en",NA,"üåÉüê≥ü¶£ alexandra M üåªüß≠ü¶©","MiscAlex","Night Owl | INFP | tired job seeker 
hiraeth-full & fernweh-haver
 Wimsey-infatuated üßê
Fan of adaptive reuse & walkable cities

T√° c√∫pla focal agam ‚òòÔ∏è YNWA‚öΩÔ∏è","1593510122478866432","https://pbs.twimg.com/profile_images/1632249660835348480/qXQVbo4B_normal.jpg","2010-09-20T03:25:31.000Z",FALSE,FALSE,"Cone of Uncertainty","https://t.co/O8Z4E5VM84",6,0,0,0,0,0,348,628,31968,16,40568,"RT @wusf: Hurricanes and red tides could become more powerful as the Gulf of Mexico heats to record levels. But budget cuts are threatening a system that monitors conditions there ‚Äî including programs based in St. Petersburg and Sarasota.
https://t.co/eW0kGZpevX",NA,NA
"11","RT @wusf: Hurricanes and red tides could become more powerful as the Gulf of Mexico heats to record levels. But budget cuts are threatening a system that monitors conditions there ‚Äî including programs based in St. Petersburg and Sarasota.
. https   www wusf org environment 2024 04 08 hurricane red tide gulf early warning budget cuts cripple","2725116285","1777333469242089631",2024-04-08 13:51:34,"1777333469242089631","everyone",FALSE,"en",NA,"sailonsilvergirl","manton_jeanne","It's go time.
Treehugger of Liberty. 
The #GreatestGeneration was Antifa.
BOTS/trolls shamed by their anonymous words, don't @ me.","1526700334848122880","https://pbs.twimg.com/profile_images/729711017060618240/OSD_bTxK_normal.jpg","2014-07-26T11:33:00.000Z",FALSE,FALSE,NA,NA,6,0,0,0,0,0,1570,1405,111693,16,68798,"RT @wusf: Hurricanes and red tides could become more powerful as the Gulf of Mexico heats to record levels. But budget cuts are threatening a system that monitors conditions there ‚Äî including programs based in St. Petersburg and Sarasota.
https://t.co/eW0kGZpevX",NA,NA
"12","RT @wusf: Hurricanes and red tides could become more powerful as the Gulf of Mexico heats to record levels. But budget cuts are threatening a system that monitors conditions there ‚Äî including programs based in St. Petersburg and Sarasota.
. https   www wusf org environment 2024 04 08 hurricane red tide gulf early warning budget cuts cripple","888041223243649024","1777332600463573170",2024-04-08 13:48:07,"1777332600463573170","everyone",FALSE,"en",NA,"Jules of üá∫üá∏","VotingTweeter","@jules-of-america.Bsky.social
‚ù§Ô∏èüá∫üá∏üêòüßöüèºüèÄ‚ù§Ô∏è Earth Day 2022 Florida - 5 year old said, ‚ÄúMy grandma‚Äôs husband is a woman.‚Äù ‚ù§Ô∏è Love it!","1595417947886866433","https://pbs.twimg.com/profile_images/912519116547792896/RpU7ctxo_normal.jpg","2017-07-20T14:21:41.000Z",FALSE,FALSE,"üá∫üá∏ America üá∫üá∏ ","https://t.co/Iq26uKWe8p",6,0,0,0,0,0,750,780,48962,1,191866,"RT @wusf: Hurricanes and red tides could become more powerful as the Gulf of Mexico heats to record levels. But budget cuts are threatening a system that monitors conditions there ‚Äî including programs based in St. Petersburg and Sarasota.
https://t.co/eW0kGZpevX",NA,NA
"13","RT @wusf: Hurricanes and red tides could become more powerful as the Gulf of Mexico heats to record levels. But budget cuts are threatening a system that monitors conditions there ‚Äî including programs based in St. Petersburg and Sarasota.
. https   www wusf org environment 2024 04 08 hurricane red tide gulf early warning budget cuts cripple","20930240","1777325535967773032",2024-04-08 13:20:03,"1777325535967773032","everyone",FALSE,"en",NA,"Donna in Lakeland FL","SouthernJewel","üá∫üá¶ üò∑ #StandWithUkraine #NoVid ‚ÄúMorality in terms of behavior, not in terms of theology‚Äù Frank Zappa","1633881770528473092","https://pbs.twimg.com/profile_images/1697719663659012096/GgK5jixS_normal.jpg","2009-02-15T19:25:19.000Z",FALSE,FALSE,"Lakeland, FL",NA,6,0,0,0,0,0,1540,333,126171,24,184578,"RT @wusf: Hurricanes and red tides could become more powerful as the Gulf of Mexico heats to record levels. But budget cuts are threatening a system that monitors conditions there ‚Äî including programs based in St. Petersburg and Sarasota.
https://t.co/eW0kGZpevX",NA,NA
"14","RT @wusf: Hurricanes and red tides could become more powerful as the Gulf of Mexico heats to record levels. But budget cuts are threatening a system that monitors conditions there ‚Äî including programs based in St. Petersburg and Sarasota.
. https   www wusf org environment 2024 04 08 hurricane red tide gulf early warning budget cuts cripple","377666632","1777321367500677193",2024-04-08 13:03:29,"1777321367500677193","everyone",FALSE,"en",NA,"Craig Kopp","radiocraigkopp","Radio man, Podcast man, Writer man",NA,"https://pbs.twimg.com/profile_images/1490711932650889217/kLsdYtt5_normal.jpg","2011-09-21T22:53:34.000Z",FALSE,FALSE,"Land O Lakes, Florida",NA,6,0,0,0,0,0,1019,1546,39386,60,35517,"RT @wusf: Hurricanes and red tides could become more powerful as the Gulf of Mexico heats to record levels. But budget cuts are threatening a system that monitors conditions there ‚Äî including programs based in St. Petersburg and Sarasota.
https://t.co/eW0kGZpevX",NA,NA
"15","RT @wusf: Hurricanes and red tides could become more powerful as the Gulf of Mexico heats to record levels. But budget cuts are threatening a system that monitors conditions there ‚Äî including programs based in St. Petersburg and Sarasota.
. https   www wusf org environment 2024 04 08 hurricane red tide gulf early warning budget cuts cripple","785425199432863744","1777320751311299047",2024-04-08 13:01:02,"1777320751311299047","everyone",FALSE,"en",NA,"SSton","SharinStone","Analyst, mother, RN, voter.",NA,"https://pbs.twimg.com/profile_images/1046717212273315840/zxps2pAr_normal.jpg","2016-10-10T10:22:14.000Z",FALSE,FALSE,"Florida",NA,6,0,0,0,0,0,4717,4689,220808,31,918404,"RT @wusf: Hurricanes and red tides could become more powerful as the Gulf of Mexico heats to record levels. But budget cuts are threatening a system that monitors conditions there ‚Äî including programs based in St. Petersburg and Sarasota.
https://t.co/eW0kGZpevX",NA,NA
"16","Hurricanes and red tides could become more powerful as the Gulf of Mexico heats to record levels. But budget cuts are threatening a system that monitors conditions there ‚Äî including programs based in St. Petersburg and Sarasota.
. https   www wusf org environment 2024 04 08 hurricane red tide gulf early warning budget cuts cripple","17544442","1777319985901088864",2024-04-08 12:58:00,"1777319985901088864","everyone",FALSE,"en",NA,"WUSF","wusf","WUSF Public Media is the Tampa Bay area‚Äôs source for news, in-depth reporting, educational programming, arts, and the finest classical music.",NA,"https://pbs.twimg.com/profile_images/1714703492890394624/IOVwz2sB_normal.jpg","2008-11-21T20:07:08.000Z",FALSE,FALSE,"Tampa, FL","https://t.co/KBo4cZ4tOe",6,0,4,0,0,163,15044,2342,40363,478,2708,"Hurricanes and red tides could become more powerful as the Gulf of Mexico heats to record levels. But budget cuts are threatening a system that monitors conditions there ‚Äî including programs based in St. Petersburg and Sarasota.
https://t.co/eW0kGZpevX",NA,NA
"17","@YellowSnwman Sunshine Skyway in St. Petersburg, Florida accident was worse. There were bodies floating up for weeks. It looks like red tide except they were human beings, floating and not fish","1769863215083581441","1772595650544173504",2024-03-26 15:19:46,"1772644620494688489","everyone",FALSE,"en","894931909716975616","JD","JamesLong344712","cowboy‚Äôs fan. no porn if you wanna get blocked follow me stay out of my DM‚Äòs unless you have something sensible to talk about.",NA,"https://pbs.twimg.com/profile_images/1769876486738018304/0NjJrK2q_normal.jpg","2024-03-18T23:08:42.000Z",FALSE,FALSE,NA,NA,0,1,1,0,0,5,14,31,271,0,111,"@YellowSnwman Sunshine Skyway in St. Petersburg, Florida accident was worse. There were bodies floating up for weeks. It looks like red tide except they were human beings, floating and not fish",NA,NA
"18","A Concerning Mix of Red Tide and High Levels of Arsenic and HA -A9 Residents and visitors to St. Petersburg, be cautious!  .https://t.co/NE34U6nPfE via @FacebookWatch","1677355831740755968","1770576689174609990",2024-03-20 22:22:33,"1770576689174609990","everyone",FALSE,"en",NA,"Earth Water","earthwater4all","Nonprofit Organization. Providing safe drinking water in America while increasing social awareness and mitigating water pollution ü¶ãüá∫üá∏",NA,"https://pbs.twimg.com/profile_images/1677356602607771658/atMBPJQW_normal.jpg","2023-07-07T16:36:26.000Z",FALSE,FALSE,NA,NA,0,0,0,0,0,6,50,14,109,0,47,"A Concerning Mix of Red Tide and High Levels of Arsenic and HA -A9 Residents and visitors to St. Petersburg, be cautious!  .https://t.co/NE34U6nPfE via @FacebookWatch",NA,NA
"19","@jimstep260853 We went to St Petersburg on Florida's gulf coast, only to find we couldn't go into the water, due to Red Tide. Dead fish everywhere, so we checked out, drove across Alligator Alley &amp; went back to Disney for another 10 days!","3687054329","1763322323212362097",2024-03-01 00:34:44,"1763362199119044860","everyone",FALSE,"en","1674083297486417921","diane wheatley","DianeDidi15","NYC lady born & raised. Proud daughter of WWII U.S. Army Vet. Living in UK. No lists.  üåä üóΩüçéüíñüóΩüá∫üá∏üá¨üáß","1528886927214231554","https://pbs.twimg.com/profile_images/1497756704326529026/_4Wc3MaF_normal.jpg","2015-09-17T15:40:11.000Z",FALSE,FALSE,"Yorkshire and The Humber, Engl",NA,0,0,1,0,0,157,3067,4622,101869,4,381802,"@jimstep260853 We went to St Petersburg on Florida's gulf coast, only to find we couldn't go into the water, due to Red Tide. Dead fish everywhere, so we checked out, drove across Alligator Alley &amp; went back to Disney for another 10 days!",NA,NA
"20","@rohindhar imo Fl is going to be dealing with some major environmental issues too. that red tide coming up the gulf coast is bad. everyone in st pete coughing on the beach.
that callahoosie river pollution needs to get fixed. 
but Fl politics are a mess right now.","196021101","1762709591731900681",2024-02-28 13:19:27,"1762829870348804228","everyone",FALSE,"en","196021101","joe conery","meetgrinder","mstrs in physics and in comp eng.     Enjoy my kids, my dog sugar, jiu jitsu, aquariums, diving, sailing, and chess.  
cloud computing","1006245246336995329","https://pbs.twimg.com/profile_images/2236413468/P1010003_normal.jpg","2010-09-28T03:39:24.000Z",FALSE,FALSE,"Newton, MA",NA,0,0,0,0,0,56,267,628,21706,2,9889,"@rohindhar imo Fl is going to be dealing with some major environmental issues too. that red tide coming up the gulf coast is bad. everyone in st pete coughing on the beach.
that callahoosie river pollution needs to get fixed. 
but Fl politics are a mess right now.",NA,NA
"21","@PlaneGirl26 I hope you have great weather. No hurricanes predicted for this week. And no red tides with dead fish. Happened once when I was in St Pete Beach.","822455582","1755237383073677513",2024-02-07 22:23:30,"1755356640264806763","everyone",FALSE,"en","1724494458534682624","Gregory Lease","GregoryLease","Mental Health Therapist and Life/Relationship Coach",NA,"https://pbs.twimg.com/profile_images/2609672362/x6ftcbefjwdywljt1f5c_normal.jpeg","2012-09-14T01:09:37.000Z",FALSE,FALSE,"University Place, WA..        ",NA,0,0,1,0,0,11,222,360,3273,6,11894,"@PlaneGirl26 I hope you have great weather. No hurricanes predicted for this week. And no red tides with dead fish. Happened once when I was in St Pete Beach.",NA,NA
"22","@iluminatibot maybe we should stop putting fertilizers &amp; pesticides in the water-

https://t.co/HqJw5vkQne","1637495516757102594","1751455113267265987",2024-01-28 19:36:43,"1751690787627409446","everyone",FALSE,"en","3376321847","Louise","Louise391589497","",NA,"https://pbs.twimg.com/profile_images/1671623666327777280/Va0fQUzD_normal.jpg","2023-03-19T16:46:18.000Z",FALSE,FALSE,NA,NA,0,0,1,0,0,1,92,389,30119,15,31543,"@iluminatibot maybe we should stop putting fertilizers &amp; pesticides in the water-

https://t.co/HqJw5vkQne",NA,NA
"23","@courtneyknill It's because st pete is insane and bans everything and he was all ""hey maybe it's cool if people are allowed to plant vegetables anywhere they want on their own property"" and people got REAL mad because fertilizer by the bay causes the red tide but allowing gardens is totally‚Ä¶ https://t.co/zhjA6MYc9t","1394662479200985094","1745295226862723193",2024-01-11 13:21:59,"1745435892179739027","everyone",FALSE,"en","2741773954","Hannah Carter Thorn","MissThorn_","üåªEnd Child Trafficking 
üåªRunway Model 
üåªMarketer
üåªLive Music St Pete
üåªüáÆüáπüá∫üá≤
üåªüêà‚Äç‚¨õüêà‚Äç‚¨õ
üåªAnCap‚úùÔ∏è","1434284476822081554","https://pbs.twimg.com/profile_images/1729212048670674944/ZVqcr7He_normal.jpg","2021-05-18T14:33:47.000Z",FALSE,FALSE,"Tampa, FL",NA,0,0,3,0,0,128,7483,2383,22249,18,65478,"@courtneyknill It's because st pete is insane and bans everything and he was all ""hey maybe it's cool if people are allowed to plant vegetables anywhere they want on their own property"" and people got REAL mad because fertilizer by the bay causes the red tide but allowing gardens is totally‚Ä¶ https://t.co/zhjA6MYc9t",NA,NA
"24","@SocratesPoly @srzjwalters @craigtimes @SaundraAmrhein That red tide snuck up on me (and everyone else) once at Pass a Grille. No warnings and nothing showed up on my phone but I wondered if that was why I had a coughing fit. It had supposedly passed. ü§∑‚Äç‚ôÄÔ∏è","819350246278963200","1706057325813911599",2023-09-25 00:20:33,"1706101345844072484","everyone",FALSE,"en","1421881788536872960","MommaMia","MommaMia6512","Scottish and Sicilian roots. Don't make me block you.","1705624434672009607","https://pbs.twimg.com/profile_images/1053269020626038784/gZ-R4THn_normal.jpg","2017-01-12T01:08:16.000Z",FALSE,FALSE,"Colorado970",NA,0,1,0,0,0,21,1498,597,80308,3,168382,"@SocratesPoly @srzjwalters @craigtimes @SaundraAmrhein That red tide snuck up on me (and everyone else) once at Pass a Grille. No warnings and nothing showed up on my phone but I wondered if that was why I had a coughing fit. It had supposedly passed. ü§∑‚Äç‚ôÄÔ∏è",NA,NA
"25","@RonFilipkowski She represents St Pete Beach. Half the year it's busy, hopefully void of Red Tide or BP oil spills, the other half of the year it's a ghost town and businesses can't afford their staff.  Sounds like someone didn't get her an umbrella drink quick enough.","1634541796205248514","1703942387800646072",2023-09-19 20:27:10,"1704230674637471810","everyone",FALSE,"en","1298372735383605249","Ted Hathaway","TedHathaway9","Florida resident living in the NPR, Massachusetts native, Husband, Father of 2, Rays,UMass&Patriots fan, Marvel, SciFi, History geek",NA,"https://pbs.twimg.com/profile_images/1683946244111048707/wkqDWUzj_normal.jpg","2023-03-11T13:09:13.000Z",FALSE,FALSE,"Florida, USA",NA,0,0,0,0,0,14,9,88,64,0,NA,"@RonFilipkowski She represents St Pete Beach. Half the year it's busy, hopefully void of Red Tide or BP oil spills, the other half of the year it's a ghost town and businesses can't afford their staff.  Sounds like someone didn't get her an umbrella drink quick enough.",NA,NA
"26","RT @BrujaAnon: Hey @GovRonDeSantis
More shit in the bay to make things like vibrio grow and red tide. But you don't care, you're to busy in another state talking about slitting bureaucrats throats and shooting people at the border to care about the cesspool hereü§¨
. https   www tampabay com news environment 2023 08 21 st petersburg sewage spill riviera bay weedon island","1119318824975831040","1693730857343709343",2023-08-21 21:04:39,"1693730857343709343","everyone",FALSE,"en",NA,"SusieQGnv üåªüò∑üòéüå¥ü¶éü¶ãüåäüè≥Ô∏è‚Äçüåà","GnvSusie","#GetBoosted #CovidIsAirborne #BringBackMasks #PostcardsToVoters #FLDemsVBM #VoteBlue2024 #BlueWave #BLM #DeathSantisIsKillingFloridians #NeverDeSantis","1389626019351511044","https://pbs.twimg.com/profile_images/1658117105122770947/u1OXcq-V_normal.jpg","2019-04-19T19:16:18.000Z",FALSE,FALSE,NA,NA,1,0,0,0,0,0,413,1150,57892,0,NA,"RT @BrujaAnon: Hey @GovRonDeSantis
More shit in the bay to make things like vibrio grow and red tide. But you don't care, you're to busy in another state talking about slitting bureaucrats throats and shooting people at the border to care about the cesspool hereü§¨
https://t.co/MweUXXUqKA",NA,NA
"27","Hey @GovRonDeSantis
More shit in the bay to make things like vibrio grow and red tide. But you don't care, you're to busy in another state talking about slitting bureaucrats throats and shooting people at the border to care about the cesspool hereü§¨
. https   www tampabay com news environment 2023 08 21 st petersburg sewage spill riviera bay weedon island","1219032025769881605","1693728616939491373",2023-08-21 20:55:44,"1693728616939491373","everyone",FALSE,"en",NA,"MSFighter üá∫üá¶‚ôøüóù‚òÆÔ∏èüè≥Ô∏è‚Äçüåà","BrujaAnon","Retired military. #WritingCommunity #PTSD #MS #LGBTQ #Hypoparathyroidism #RA #depression #TBI #FBR #atheist #dogs #cats CanoNina on Mastadon and Post üòä",NA,"https://pbs.twimg.com/profile_images/1350116284327981058/3_GmLbhP_normal.jpg","2020-01-19T23:01:09.000Z",FALSE,FALSE,"Florida, USA",NA,1,0,1,0,0,20,2255,4329,108716,10,NA,"Hey @GovRonDeSantis
More shit in the bay to make things like vibrio grow and red tide. But you don't care, you're to busy in another state talking about slitting bureaucrats throats and shooting people at the border to care about the cesspool hereü§¨
https://t.co/MweUXXUqKA",NA,NA
"28","@unhealthytruth @aurajenn I had to leave St. Petersburg last spring early because of Red tide. Four trips to urgent care in two months.","822676461823885313","1687963066799947776",2023-08-06 16:43:49,"1688229399387140096","everyone",FALSE,"en","18093097","Karen","KarenSc38678909","Light Warrior.",NA,"https://pbs.twimg.com/profile_images/1056706995955351552/sUB0IxK0_normal.jpg","2017-01-21T05:25:27.000Z",FALSE,FALSE,NA,NA,0,1,1,0,0,37,1290,1748,32059,7,NA,"@unhealthytruth @aurajenn I had to leave St. Petersburg last spring early because of Red tide. Four trips to urgent care in two months.",NA,NA
