"","text","id","conversation_id","created_at.x","lang","possibly_sensitive","author_id","reply_settings","in_reply_to_user_id","location","name","username","protected","verified","description","profile_image_url","created_at.y","public_metrics.x_retweet_count","public_metrics.x_reply_count","public_metrics.x_like_count","public_metrics.x_quote_count","public_metrics.x_impression_count","geo_place_id","public_metrics.y_followers_count","public_metrics.y_following_count","public_metrics.y_tweet_count","public_metrics.y_listed_count","url","pinned_tweet_id","text_with_display_links"
"1","@popsknox red tideüòõ . ","994251641993027585","994227408332042241",2018-05-09 16:23:58,"da",FALSE,"1973497166","everyone","707758978","fla.","DearHuntingWithJesus","larcraft_",FALSE,FALSE,"","https://pbs.twimg.com/profile_images/1540154052079656962/DhHMhEQY_normal.jpg","2013-10-20T02:02:31.000Z",0,1,1,0,0,"79dc2655046fbc40",193,369,15304,5,NA,"1123341513621217282","@popsknox red tideüòõ https://t.co/pPL57bShBN"
"2","And where‚Äôs #RickScott? Not in Florida. #AWOLRick. Brink: Toxic algae blooms from Lake Okeechobee are a stain on Florida . https   www tampabay com news business tourism Brink Toxic algae blooms from Lake Okeechobee are a stain on Florida _169667590","1014143379813347339","1014143379813347339",2018-07-03 13:46:38,"en",FALSE,"1045136112","everyone",NA,"San Antonio, Fl","Diane Verhoest","lfsgd_diane",FALSE,FALSE,"Retired Teacher. FL via NH via MA. Equality Advocate since '68. Not stopping now. Pass the damn ERA! My Sports & entertainment Acct: @SportsandRving","https://pbs.twimg.com/profile_images/1570914858442309640/CHcBIOgg_normal.jpg","2012-12-29T15:16:02.000Z",1,0,4,0,0,"0078551d41f411af",2130,4627,156474,96,NA,"1144261559142748160","And where‚Äôs #RickScott? Not in Florida. #AWOLRick. Brink: Toxic algae blooms from Lake Okeechobee are a stain on Florida https://t.co/Nx6bieN2FC"
"3","Did he drown in Green algae of #FloridaWaters? . https   twitter com lechatnoire4 status 1014858373651681282","1014896885625221120","1014896885625221120",2018-07-05 15:40:48,"en",FALSE,"1045136112","everyone",NA,"San Antonio, Fl","Diane Verhoest","lfsgd_diane",FALSE,FALSE,"Retired Teacher. FL via NH via MA. Equality Advocate since '68. Not stopping now. Pass the damn ERA! My Sports & entertainment Acct: @SportsandRving","https://pbs.twimg.com/profile_images/1570914858442309640/CHcBIOgg_normal.jpg","2012-12-29T15:16:02.000Z",0,0,0,0,0,"014069cb5218e532",2130,4627,156474,96,NA,"1144261559142748160","Did he drown in Green algae of #FloridaWaters? https://t.co/WmAcz8bWEE"
"4","JUST SO YOU KNOW ‚ñ†‚ñ†‚ñ†‚ñ†

GOV SCOTT DOES IT AGAIN!

              ‚ñ†‚ñ†‚ñ†‚ñ†‚ñ†‚ñ†‚ñ†  . http   www orlandosentinel com opinion os ed rick scott gop responsiible for algae disaster paula dockery 070716 20160706 story amp html. https   twitter com paulmcclintock status 1021139454747205632 photo 1","1021139454747205632","1021139454747205632",2018-07-22 21:06:32,"en",FALSE,"61768027","everyone",NA,"West Coast of Central Florida","Paul McClintock","paulmcclintock",FALSE,FALSE,"Long retired K9 LEO‚ñ†
HACKER STILL UNFOLLOWING
HUNDREDS that FOLLOW ME!
üõëüõëüõëüõëüõëüõëüõëüõëüõëüõë
TWITTER: PLEASE REFOLLOW ALL THAT FOLLOW ME!

@TWITTER SUPPORT üõë","https://pbs.twimg.com/profile_images/1572640573470687234/rf4cOXod_normal.jpg","2009-07-31T13:16:49.000Z",2,0,3,0,0,"41de88d76c42e840",18721,10680,414566,573,NA,"1616828084233158656","JUST SO YOU KNOW ‚ñ†‚ñ†‚ñ†‚ñ†

GOV SCOTT DOES IT AGAIN!

              ‚ñ†‚ñ†‚ñ†‚ñ†‚ñ†‚ñ†‚ñ† https://t.co/lT5MCcxy6D https://t.co/fUynexz5dx"
"5","@HippeeDipeeChic @AltimariVincent @MattforFlorida1 It is crazy! My campaign manager and I grew up enjoying the Gulf Coast, so we‚Äôre accustomed to algae blooms like RedTide. Neither of us had ever seen anything like that!. ","1022176697360297984","1020990074526322688",2018-07-25 17:48:10,"en",FALSE,"866863817883615232","everyone","933709818937753601","Tampa, FL","Ryan Torrens","RyanforFL",FALSE,FALSE,"Consumer Protection Attorney ‚öñÔ∏è üçä, Small business owner, GW Law Alum, Outdoorsman üêü, 5th Gen. Floridian üá∫üá∏.","https://pbs.twimg.com/profile_images/1039279263541862403/Ho8NQhvJ_normal.jpg","2017-05-23T03:50:14.000Z",0,1,1,0,0,"01b3cd14363fbf47",773,656,1127,10,"https://t.co/z85fXGMCFT",NA,"@HippeeDipeeChic @AltimariVincent @MattforFlorida1 It is crazy! My campaign manager and I grew up enjoying the Gulf Coast, so we‚Äôre accustomed to algae blooms like RedTide. Neither of us had ever seen anything like that!"
"6","Its Time to GET OFF THE BEACHES PEOPLE.... RED TIDE DOESN'T PLAY!!!! . https   twitter com 10TampaBay status 1022996385866702849","1022997132939337728","1022997132939337728",2018-07-28 00:08:17,"en",FALSE,"952661320079495168","everyone",NA,"Tarpon Springs, FL","Jessica Pfleger Williams","LadyJVapeQueen7",FALSE,FALSE,"Live everyday to its fullest! Look, You are already on the internet 24/7 anyways, so why not get PAID FOR IT?

#ivapeivote #SocialDM #EARNFROMHOME","https://pbs.twimg.com/profile_images/1099834835672227840/NY2V1bq6_normal.jpg","2018-01-14T21:58:53.000Z",0,1,0,0,0,"8c1a061c37aea043",874,2860,3590,1,"https://t.co/YlcL9rUEpk","1540098855672365057","Its Time to GET OFF THE BEACHES PEOPLE.... RED TIDE DOESN'T PLAY!!!! https://t.co/KKJVQmQ2sY"
"7","@LadyJVapeQueen7 Keep that shit away from gulf shores. Headed there in a week. ","1023000777164574720","1022997132939337728",2018-07-28 00:22:46,"en",FALSE,"42033499","everyone","952661320079495168","St Louis, MO","üèíKev bleeds Blueüèí","kevdt67",FALSE,FALSE,"I have a great son named Fox. go Cards Blues and fuck the Rams and Kroenke!  Army veteran","https://pbs.twimg.com/profile_images/1375092101566902280/3x7j4leg_normal.jpg","2009-05-23T14:24:10.000Z",0,0,0,0,0,NA,1058,1155,37280,36,NA,"1533450646594244610","@LadyJVapeQueen7 Keep that shit away from gulf shores. Headed there in a week"
"8","Your gotta see some crazy stuff tonight ....ITS A FULL MOON, RED TIDE  AND HOT AS HELL IN FL !!! BAAAABBBAY . https   twitter com LadyJVapeQueen7 status 1023012544091439104 photo 1","1023012544091439104","1023012544091439104",2018-07-28 01:09:31,"en",FALSE,"952661320079495168","everyone",NA,"Tarpon Springs, FL","Jessica Pfleger Williams","LadyJVapeQueen7",FALSE,FALSE,"Live everyday to its fullest! Look, You are already on the internet 24/7 anyways, so why not get PAID FOR IT?

#ivapeivote #SocialDM #EARNFROMHOME","https://pbs.twimg.com/profile_images/1099834835672227840/NY2V1bq6_normal.jpg","2018-01-14T21:58:53.000Z",0,0,2,1,0,"8c1a061c37aea043",874,2860,3590,1,"https://t.co/YlcL9rUEpk","1540098855672365057","Your gotta see some crazy stuff tonight ....ITS A FULL MOON, RED TIDE  AND HOT AS HELL IN FL !!! BAAAABBBAY https://t.co/h2hAAF9ETH"
"9","#RickScott did this. #AlgaeBloom is on Scott and his #Florida #GOPcronies in Tallahassee. #VoteBillNelson . https   twitter com stevebousquet status 1025410242182561793","1025510803456315398","1025510803456315398",2018-08-03 22:36:43,"en",FALSE,"1045136112","everyone",NA,"San Antonio, Fl","Diane Verhoest","lfsgd_diane",FALSE,FALSE,"Retired Teacher. FL via NH via MA. Equality Advocate since '68. Not stopping now. Pass the damn ERA! My Sports & entertainment Acct: @SportsandRving","https://pbs.twimg.com/profile_images/1570914858442309640/CHcBIOgg_normal.jpg","2012-12-29T15:16:02.000Z",0,0,0,0,0,"0078551d41f411af",2130,4627,156474,96,NA,"1144261559142748160","#RickScott did this. #AlgaeBloom is on Scott and his #Florida #GOPcronies in Tallahassee. #VoteBillNelson https://t.co/OwR1igmuB0"
"10","These are pictures from red tide which scientists have no idea what causes it. But I agree, let‚Äôs stop things like run off and other pollution that has been linked to red tide (without enough statistical proof to be said so) . https   twitter com georgiacook00 status 1024671652028850176","1025852201078587393","1025852201078587393",2018-08-04 21:13:18,"en",FALSE,"141687910","everyone",NA,"Orlando, FL","Becca LeMay","RebeccaAnn_227",FALSE,FALSE,"she/her","https://pbs.twimg.com/profile_images/1607443885495664642/dVtpghQH_normal.jpg","2010-05-08T19:04:35.000Z",0,0,1,0,0,"0003df7b402165e0",217,349,15422,0,NA,"1607444864605761538","These are pictures from red tide which scientists have no idea what causes it. But I agree, let‚Äôs stop things like run off and other pollution that has been linked to red tide (without enough statistical proof to be said so) https://t.co/dmpHnHVzCs"
"11","The very same people feeling good about abandoning #plasticstraws to #savetheoceans won't hold their #Floridapoliticians (and #Fanjuls and #Motts) accountable for #redtide from #lakeOkeechobee runoff. #sellout #bigsugar. ","1027165913332822016","1027165913332822016",2018-08-08 12:13:32,"en",FALSE,"18654365","everyone",NA,"Land O Lakes, FL , USA","Mark S. Hankins","flacorps",FALSE,FALSE,"(it) Incorporation Lawyer and Entrepreneur in sunny Florida","https://pbs.twimg.com/profile_images/1860776023/Mark_Hankins_Portrait_normal.jpg","2009-01-06T00:52:46.000Z",0,0,0,0,0,"00b6a1c7611dcf24",277,568,11653,34,"https://t.co/Rm3YjX8jK1","1314013909590867969","The very same people feeling good about abandoning #plasticstraws to #savetheoceans won't hold their #Floridapoliticians (and #Fanjuls and #Motts) accountable for #redtide from #lakeOkeechobee runoff. #sellout #bigsugar"
"12","This is on #RickScott and #Florida ##GOP Follow the #SlimeTrail Florida gutted water quality monitoring ‚Äì as killer algae increased . https   www tampabay com florida politics buzz 2018 08 07 florida gutted water quality monitoring as killer algae increased","1027206114415394816","1027206114415394816",2018-08-08 14:53:16,"en",FALSE,"1045136112","everyone",NA,"San Antonio, Fl","Diane Verhoest","lfsgd_diane",FALSE,FALSE,"Retired Teacher. FL via NH via MA. Equality Advocate since '68. Not stopping now. Pass the damn ERA! My Sports & entertainment Acct: @SportsandRving","https://pbs.twimg.com/profile_images/1570914858442309640/CHcBIOgg_normal.jpg","2012-12-29T15:16:02.000Z",0,0,0,0,0,"0078551d41f411af",2130,4627,156474,96,NA,"1144261559142748160","This is on #RickScott and #Florida ##GOP Follow the #SlimeTrail Florida gutted water quality monitoring ‚Äì as killer algae increased https://t.co/WMgreF9ZjZ"
"13","School starts Monday. I had wisdom teeth surgery. The beach has red tide. It rains every day. I‚Äôm. So. Bored. üôÉ. ","1027597385105584128","1027597385105584128",2018-08-09 16:48:03,"en",FALSE,"1932546492","everyone",NA,NA,"Sara Stannard","svstannard",FALSE,FALSE,"2 Timothy 1:7","https://pbs.twimg.com/profile_images/1126688663994126348/smFI5iCO_normal.jpg","2013-10-04T01:02:18.000Z",0,0,3,0,0,"01b3cd14363fbf47",169,208,7535,2,"https://t.co/68rFb5DT9b",NA,"School starts Monday. I had wisdom teeth surgery. The beach has red tide. It rains every day. I‚Äôm. So. Bored. üôÉ"
"14","NOW he touts the algae bloom #RickScottPhotoOp . https   twitter com SchmitzMedia status 1027938486001774594","1027939479854764032","1027939479854764032",2018-08-10 15:27:24,"en",FALSE,"1045136112","everyone",NA,"San Antonio, Fl","Diane Verhoest","lfsgd_diane",FALSE,FALSE,"Retired Teacher. FL via NH via MA. Equality Advocate since '68. Not stopping now. Pass the damn ERA! My Sports & entertainment Acct: @SportsandRving","https://pbs.twimg.com/profile_images/1570914858442309640/CHcBIOgg_normal.jpg","2012-12-29T15:16:02.000Z",0,0,0,0,0,"0078551d41f411af",2130,4627,156474,96,NA,"1144261559142748160","NOW he touts the algae bloom #RickScottPhotoOp https://t.co/CmebSY2GQx"
"15","@LeesyPeesy @mpatt70 @realDonaldTrump It's funny that they cannot come up with a slogan of their own, they have to co-opt the Dems'!  And if they paid attention to the red algae issues on Florida's coastline, they might reconsider ""Red Wave"" as it is not a good thing!. ","1028062906116702209","1028030912095838208",2018-08-10 23:37:51,"en",FALSE,"240940301","everyone","24380508","Florida, USA","Jami Lee","luvnfiction",FALSE,FALSE,"Animal activist, care for companion animals, book addict, & love my Boston Terrier, Oreo. Fighting for equality for all. Fighting for Democracy.","https://pbs.twimg.com/profile_images/1363324942343942149/BFxgtFoK_normal.jpg","2011-01-21T02:40:04.000Z",0,0,1,0,0,"79dc2655046fbc40",2930,4797,110769,8,NA,NA,"@LeesyPeesy @mpatt70 @realDonaldTrump It's funny that they cannot come up with a slogan of their own, they have to co-opt the Dems'!  And if they paid attention to the red algae issues on Florida's coastline, they might reconsider ""Red Wave"" as it is not a good thing!"
"16","High concentrations of #redtide observed 10 miles offshore of Pinellas County  @WFLA . https   www wfla com 1404852848. https   twitter com WFLAAmanda status 1034893265651335168 photo 1","1034893265651335168","1034893265651335168",2018-08-29 19:59:16,"en",FALSE,"165145192","everyone",NA,"Tampa, FL","Amanda Granit #teamhcso","AmandaGranit",FALSE,FALSE,"Chief Comms Officer at @HCSOSheriff. Grilled cheese is my spirit animal. That's all.","https://pbs.twimg.com/profile_images/1558240665917603842/NQ2xQaJs_normal.jpg","2010-07-10T18:45:00.000Z",0,0,0,0,0,"79dc2655046fbc40",7709,3376,16340,146,NA,NA,"High concentrations of #redtide observed 10 miles offshore of Pinellas County https://t.co/iNzzoHCDox @WFLA https://t.co/CtfzGjogxD"
"17","@The_Trump_Train @realDonaldTrump Since MAGATs can't come up with an original slogan, I've got a truly appropriate one for you...red tide! Kills all in it's path!. ","1035135563685392385","1035125176617365504",2018-08-30 12:02:04,"en",FALSE,"240940301","everyone","4102376488","Florida, USA","Jami Lee","luvnfiction",FALSE,FALSE,"Animal activist, care for companion animals, book addict, & love my Boston Terrier, Oreo. Fighting for equality for all. Fighting for Democracy.","https://pbs.twimg.com/profile_images/1363324942343942149/BFxgtFoK_normal.jpg","2011-01-21T02:40:04.000Z",0,1,0,0,0,"01512cee0fd2f281",2930,4797,110769,8,NA,NA,"@The_Trump_Train @realDonaldTrump Since MAGATs can't come up with an original slogan, I've got a truly appropriate one for you...red tide! Kills all in it's path!"
"18","@Lee49175759 @deezel21 @vlamagirl @hollyanderson30 @p_machor @aluca95 @aveiestweets @IHeartChadMM87 @MeganMae012 @Curly_Fleur @willmpolk @Flash_Katie237 @Sinjun45 @MarieT1834 @BrokenBridgeGXB @arjay_clark @pete @SeanGor67395556 @TimminsKlingon @TrekkieBrian @startrek1977 @darthnerfherder @Frazleytastic @trek_ken @Tristan_in_Jax @Glitter_Rock I‚Äôm looking forward to my lazy weekend too. No scuba diving due to red tide.  Almost 2 months since my last dive.. ","1035267467562639365","1034916165624246272",2018-08-30 20:46:13,"en",FALSE,"864964442806726656","everyone","962025055088758784","Wesley Chapel, FL","Jake Obadia","IronWolf714",FALSE,FALSE,"I, Jake Borg King. Empire, Alpha to Delta Quadrant. Offshoot of 7 of 9 and Doctor's mobile emitter. Borg free will and self aware. Resistance is Futile","https://pbs.twimg.com/profile_images/1122485897210081285/Wpdkq8J9_normal.jpg","2017-05-17T22:02:48.000Z",1,1,2,0,0,"0003df7b402165e0",1755,1886,62114,9,NA,NA,"@Lee49175759 @deezel21 @vlamagirl @hollyanderson30 @p_machor @aluca95 @aveiestweets @IHeartChadMM87 @MeganMae012 @Curly_Fleur @willmpolk @Flash_Katie237 @Sinjun45 @MarieT1834 @BrokenBridgeGXB @arjay_clark @pete @SeanGor67395556 @TimminsKlingon @TrekkieBrian @startrek1977 @darthnerfherder @Frazleytastic @trek_ken @Tristan_in_Jax @Glitter_Rock I‚Äôm looking forward to my lazy weekend too. No scuba diving due to red tide.  Almost 2 months since my last dive."
"19","@Lee49175759 @hollyanderson30 @vlamagirl @BrokenBridgeGXB @EverAshleigh @p_machor @Flash_Katie237 @MeganMae012 @aluca95 @IHeartChadMM87 @Sinjun45 @deezel21 @willmpolk @Curly_Fleur @candicesgirl22 @KalEl84 @StephB617 @SteveChung1968 @arjay_clark @JParkerK It‚Äôs foolish to dive in red tide but bunch of us are going. ","1040411418229714944","1039888702217093120",2018-09-14 01:26:26,"en",FALSE,"864964442806726656","everyone","962025055088758784","Wesley Chapel, FL","Jake Obadia","IronWolf714",FALSE,FALSE,"I, Jake Borg King. Empire, Alpha to Delta Quadrant. Offshoot of 7 of 9 and Doctor's mobile emitter. Borg free will and self aware. Resistance is Futile","https://pbs.twimg.com/profile_images/1122485897210081285/Wpdkq8J9_normal.jpg","2017-05-17T22:02:48.000Z",1,1,2,0,0,"0003df7b402165e0",1755,1886,62114,9,NA,NA,"@Lee49175759 @hollyanderson30 @vlamagirl @BrokenBridgeGXB @EverAshleigh @p_machor @Flash_Katie237 @MeganMae012 @aluca95 @IHeartChadMM87 @Sinjun45 @deezel21 @willmpolk @Curly_Fleur @candicesgirl22 @KalEl84 @StephB617 @SteveChung1968 @arjay_clark @JParkerK It‚Äôs foolish to dive in red tide but bunch of us are going"
"20","Coward. Gov. Scott cancels Naples campaign event after red tide protesters confront him in Venice  via @ndn. https   www naplesnews com story news government 2018 09 18 red tide protest gov scott cancels naples campaign event 1346723002","1042255842278604800","1042255842278604800",2018-09-19 03:35:31,"en",FALSE,"1045136112","everyone",NA,"San Antonio, Fl","Diane Verhoest","lfsgd_diane",FALSE,FALSE,"Retired Teacher. FL via NH via MA. Equality Advocate since '68. Not stopping now. Pass the damn ERA! My Sports & entertainment Acct: @SportsandRving","https://pbs.twimg.com/profile_images/1570914858442309640/CHcBIOgg_normal.jpg","2012-12-29T15:16:02.000Z",0,0,1,0,0,"0078551d41f411af",2130,4627,156474,96,NA,"1144261559142748160","Coward. Gov. Scott cancels Naples campaign event after red tide protesters confront him in Venice https://t.co/2SN3voAfuu via @ndn"
"21","No algae bloom or red tide in Titusville. Safe stop. #SlickRick running away at other stops. #VoteBillNelson . https   twitter com jaketapper status 1042757015163031552","1042760120004952065","1042760120004952065",2018-09-20 12:59:20,"en",FALSE,"1045136112","everyone",NA,"San Antonio, Fl","Diane Verhoest","lfsgd_diane",FALSE,FALSE,"Retired Teacher. FL via NH via MA. Equality Advocate since '68. Not stopping now. Pass the damn ERA! My Sports & entertainment Acct: @SportsandRving","https://pbs.twimg.com/profile_images/1570914858442309640/CHcBIOgg_normal.jpg","2012-12-29T15:16:02.000Z",0,0,0,0,0,"0078551d41f411af",2130,4627,156474,96,NA,"1144261559142748160","No algae bloom or red tide in Titusville. Safe stop. #SlickRick running away at other stops. #VoteBillNelson https://t.co/9rgOoWzj7t"
"22","It‚Äôs Science and Ecology. And no one cares about Science Ecosystems in this country unless they can make a buck. That is NOT the #GOP Another reason Florida‚Äôs Red Tide is so bad this year: Pollution from the Mississippi River . http   www tampabay com news environment Another reason Florida s Red Tide is so bad this year Pollution from the Mississippi River_171932427","1042762587883167744","1042762587883167744",2018-09-20 13:09:09,"en",FALSE,"1045136112","everyone",NA,"San Antonio, Fl","Diane Verhoest","lfsgd_diane",FALSE,FALSE,"Retired Teacher. FL via NH via MA. Equality Advocate since '68. Not stopping now. Pass the damn ERA! My Sports & entertainment Acct: @SportsandRving","https://pbs.twimg.com/profile_images/1570914858442309640/CHcBIOgg_normal.jpg","2012-12-29T15:16:02.000Z",0,0,0,0,0,"0078551d41f411af",2130,4627,156474,96,NA,"1144261559142748160","It‚Äôs Science and Ecology. And no one cares about Science Ecosystems in this country unless they can make a buck. That is NOT the #GOP Another reason Florida‚Äôs Red Tide is so bad this year: Pollution from the Mississippi River https://t.co/tUIpiVyL2g"
"23",". https   thehill com homenews state watch 407141 florida governor booed out of restaurant over red tide algae issues","1042884134165774336","1042884134165774336",2018-09-20 21:12:08,"zxx",FALSE,"497468210","everyone",NA,"I'm still üëâüåé","Rule of Law","BaconJoel",FALSE,FALSE,"Environment","https://pbs.twimg.com/profile_images/739561742057885697/GKSgtVEh_normal.jpg","2012-02-20T01:18:56.000Z",0,0,0,0,0,"0160ed302dcb7707",1014,4780,56512,17,NA,NA,"https://t.co/XSxTkUhm58"
"24","How clever. #TrickyRick wants Research 8 Years LATE! (Same guy who banned #ClimateChange from gov docs) #BanRickScott #VoteBillNelson After boos and protests, Rick Scott calls for red tide research center, task force . https   www orlandoweekly com Blogs archives 2018 09 20 after boos and protests rick scott calls for red tide research center task force","1042917549741170689","1042917549741170689",2018-09-20 23:24:54,"en",FALSE,"1045136112","everyone",NA,"San Antonio, Fl","Diane Verhoest","lfsgd_diane",FALSE,FALSE,"Retired Teacher. FL via NH via MA. Equality Advocate since '68. Not stopping now. Pass the damn ERA! My Sports & entertainment Acct: @SportsandRving","https://pbs.twimg.com/profile_images/1570914858442309640/CHcBIOgg_normal.jpg","2012-12-29T15:16:02.000Z",0,0,0,0,0,"0078551d41f411af",2130,4627,156474,96,NA,"1144261559142748160","How clever. #TrickyRick wants Research 8 Years LATE! (Same guy who banned #ClimateChange from gov docs) #BanRickScott #VoteBillNelson After boos and protests, Rick Scott calls for red tide research center, task force https://t.co/b0BT9DmssC"
"25","On Wednesday Scott said Florida just needed a ‚ÄúGood East Wind‚Äù. #RickScott is #FullOfAir After boos and protests, Rick Scott calls for red tide research center, task force . https   www orlandoweekly com Blogs archives 2018 09 20 after boos and protests rick scott calls for red tide research center task force","1042917988125556737","1042917988125556737",2018-09-20 23:26:39,"en",FALSE,"1045136112","everyone",NA,"San Antonio, Fl","Diane Verhoest","lfsgd_diane",FALSE,FALSE,"Retired Teacher. FL via NH via MA. Equality Advocate since '68. Not stopping now. Pass the damn ERA! My Sports & entertainment Acct: @SportsandRving","https://pbs.twimg.com/profile_images/1570914858442309640/CHcBIOgg_normal.jpg","2012-12-29T15:16:02.000Z",0,0,0,0,0,"0078551d41f411af",2130,4627,156474,96,NA,"1144261559142748160","On Wednesday Scott said Florida just needed a ‚ÄúGood East Wind‚Äù. #RickScott is #FullOfAir After boos and protests, Rick Scott calls for red tide research center, task force https://t.co/b0BT9DmssC"
"26","Different kind of red tide.... . https   twitter com WFLA status 1043895500620136448","1043899807063060480","1043899807063060480",2018-09-23 16:28:03,"en",FALSE,"3248075346","everyone",NA,"Hell","Robert Paulson","BalzHari",FALSE,FALSE,"","https://pbs.twimg.com/profile_images/1519346201363103746/AtRYrzu0_normal.jpg","2015-06-17T19:36:09.000Z",0,0,0,0,0,"48754d0fac025a6f",91,853,17314,1,NA,NA,"Different kind of red tide.... https://t.co/xOGCS9K4IV"
"27","How can DeSantis fight #RedTide? @RepGusBilirakis said he would take care of that all Next Week! #NoRealPromises . https   twitter com FloridaGOP status 1044745085093642240","1045875095561011201","1045875095561011201",2018-09-29 03:17:08,"en",FALSE,"1045136112","everyone",NA,"San Antonio, Fl","Diane Verhoest","lfsgd_diane",FALSE,FALSE,"Retired Teacher. FL via NH via MA. Equality Advocate since '68. Not stopping now. Pass the damn ERA! My Sports & entertainment Acct: @SportsandRving","https://pbs.twimg.com/profile_images/1570914858442309640/CHcBIOgg_normal.jpg","2012-12-29T15:16:02.000Z",0,0,0,0,0,"0078551d41f411af",2130,4627,156474,96,NA,"1144261559142748160","How can DeSantis fight #RedTide? @RepGusBilirakis said he would take care of that all Next Week! #NoRealPromises https://t.co/VWKIUxbuMu"
"28","@Gater_Chomp @Tygartman @SteveKornacki And the results of red tide. . https   twitter com PasteIpunk status 1050400351764054016 photo 1","1050400351764054016","1050331012088168448",2018-10-11 14:58:54,"en",FALSE,"900976849","everyone","233232026","Florida, Chicago","Pastel Punk ‚ôèÔ∏è","PasteIpunk",FALSE,FALSE,"Those who destroy each other in the name of political systems are greedy, lustful men. Their power depends on many people. Deny them yours; they are powerless.","https://pbs.twimg.com/profile_images/1589709120088817664/nlsDwxnp_normal.jpg","2012-10-24T01:50:24.000Z",0,0,2,0,0,"2d1b0aee7297f004",323,98,25247,0,NA,NA,"@Gater_Chomp @Tygartman @SteveKornacki And the results of red tide. https://t.co/TxIIdLHxKS"
"29","Red Tide? #ROLLTIDE @GeoOnAir @RadioKayla. ","1051261372972052480","1051261372972052480",2018-10-14 00:00:17,"da",FALSE,"876939252","everyone",NA,NA,"michael terrell jr","michaelt02jr",FALSE,FALSE,"a lil well balanced slug, long board GRAD","https://pbs.twimg.com/profile_images/1599592635622215680/Hb2h4YQC_normal.jpg","2012-10-13T03:07:52.000Z",0,0,0,0,0,"2d1b0aee7297f004",70,368,3341,1,NA,NA,"Red Tide? #ROLLTIDE @GeoOnAir @RadioKayla"
"30","RED TIDE RICK NOT FOR SENATOR!

 . https   communitynewspapers com south miami red tide rick. https   twitter com paulmcclintock status 1053081909910298624 photo 1","1053081909910298624","1053081909910298624",2018-10-19 00:34:27,"en",FALSE,"61768027","everyone",NA,"West Coast of Central Florida","Paul McClintock","paulmcclintock",FALSE,FALSE,"Long retired K9 LEO‚ñ†
HACKER STILL UNFOLLOWING
HUNDREDS that FOLLOW ME!
üõëüõëüõëüõëüõëüõëüõëüõëüõëüõë
TWITTER: PLEASE REFOLLOW ALL THAT FOLLOW ME!

@TWITTER SUPPORT üõë","https://pbs.twimg.com/profile_images/1572640573470687234/rf4cOXod_normal.jpg","2009-07-31T13:16:49.000Z",0,0,0,0,0,"41de88d76c42e840",18721,10680,414566,573,NA,"1616828084233158656","RED TIDE RICK NOT FOR SENATOR!

https://t.co/HK1z0jxqhx https://t.co/XXB07t4xKg"
"31","@ckjohnston1 @CNN @ECMcLaughlin God willing and we clean out the red tide.. ","1053215381681291264","1053139949971746816",2018-10-19 09:24:49,"en",FALSE,"900976849","everyone","2887825548","Florida, Chicago","Pastel Punk ‚ôèÔ∏è","PasteIpunk",FALSE,FALSE,"Those who destroy each other in the name of political systems are greedy, lustful men. Their power depends on many people. Deny them yours; they are powerless.","https://pbs.twimg.com/profile_images/1589709120088817664/nlsDwxnp_normal.jpg","2012-10-24T01:50:24.000Z",0,0,1,0,0,"2d1b0aee7297f004",323,98,25247,0,NA,NA,"@ckjohnston1 @CNN @ECMcLaughlin God willing and we clean out the red tide."
"32",". https   communitynewspapers com south miami red tide rick","1053331491843903488","1053331491843903488",2018-10-19 17:06:12,"zxx",FALSE,"61768027","everyone",NA,"West Coast of Central Florida","Paul McClintock","paulmcclintock",FALSE,FALSE,"Long retired K9 LEO‚ñ†
HACKER STILL UNFOLLOWING
HUNDREDS that FOLLOW ME!
üõëüõëüõëüõëüõëüõëüõëüõëüõëüõë
TWITTER: PLEASE REFOLLOW ALL THAT FOLLOW ME!

@TWITTER SUPPORT üõë","https://pbs.twimg.com/profile_images/1572640573470687234/rf4cOXod_normal.jpg","2009-07-31T13:16:49.000Z",0,0,0,1,0,"41de88d76c42e840",18721,10680,414566,573,NA,"1616828084233158656","https://t.co/HK1z0jxqhx"
"33","RED TIDE RICK IS HURTING FLA

 . https   ca news yahoo com red tide awakening floridas environmental woes hurt gops scott senate race 090044270 html. https   twitter com paulmcclintock status 1054073405446782977 photo 1","1054073405446782977","1054073405446782977",2018-10-21 18:14:18,"en",FALSE,"61768027","everyone",NA,"West Coast of Central Florida","Paul McClintock","paulmcclintock",FALSE,FALSE,"Long retired K9 LEO‚ñ†
HACKER STILL UNFOLLOWING
HUNDREDS that FOLLOW ME!
üõëüõëüõëüõëüõëüõëüõëüõëüõëüõë
TWITTER: PLEASE REFOLLOW ALL THAT FOLLOW ME!

@TWITTER SUPPORT üõë","https://pbs.twimg.com/profile_images/1572640573470687234/rf4cOXod_normal.jpg","2009-07-31T13:16:49.000Z",3,0,0,0,0,"41de88d76c42e840",18721,10680,414566,573,NA,"1616828084233158656","RED TIDE RICK IS HURTING FLA

https://t.co/qQPrYdX098 https://t.co/2hRK02xS55"
"34","@geekgirl11 @RonaldKlain @AJDelgado13 @AndrewGillum @RonDeSantisFL We already have Red Tide here, and look what it gets us- stinky beaches and a lot of dead fish. Time for a serious change.. ","1054194772661977088","1054186492191535104",2018-10-22 02:16:34,"en",FALSE,"900976849","everyone","22696559","Florida, Chicago","Pastel Punk ‚ôèÔ∏è","PasteIpunk",FALSE,FALSE,"Those who destroy each other in the name of political systems are greedy, lustful men. Their power depends on many people. Deny them yours; they are powerless.","https://pbs.twimg.com/profile_images/1589709120088817664/nlsDwxnp_normal.jpg","2012-10-24T01:50:24.000Z",1,0,19,0,0,"2d1b0aee7297f004",323,98,25247,0,NA,NA,"@geekgirl11 @RonaldKlain @AJDelgado13 @AndrewGillum @RonDeSantisFL We already have Red Tide here, and look what it gets us- stinky beaches and a lot of dead fish. Time for a serious change."
"35","RED TIDE RICK NOT FOR SENATOR 
  . http   amp miamiherald com opinion opn columns blogs carl hiaasen article220330460 html. https   twitter com paulmcclintock status 1054732798211379203 photo 1","1054732798211379203","1054732798211379203",2018-10-23 13:54:29,"en",FALSE,"61768027","everyone",NA,"West Coast of Central Florida","Paul McClintock","paulmcclintock",FALSE,FALSE,"Long retired K9 LEO‚ñ†
HACKER STILL UNFOLLOWING
HUNDREDS that FOLLOW ME!
üõëüõëüõëüõëüõëüõëüõëüõëüõëüõë
TWITTER: PLEASE REFOLLOW ALL THAT FOLLOW ME!

@TWITTER SUPPORT üõë","https://pbs.twimg.com/profile_images/1572640573470687234/rf4cOXod_normal.jpg","2009-07-31T13:16:49.000Z",2,0,1,0,0,"41de88d76c42e840",18721,10680,414566,573,NA,"1616828084233158656","RED TIDE RICK NOT FOR SENATOR 
 https://t.co/e65pLfFlS2 https://t.co/bqTVIiWBFv"
"36","@nich_al @MSNBC @morningmika You forgot-
Republicans created the HMO to begin with. 
They also created outsourcing jobs to foreign markets.
They also created the deregulations that led to the Wall Street crash of '08. 
If you think the Red Tide cares about regular Americans, look again.. ","1054767518877921280","1054761873399263232",2018-10-23 16:12:27,"en",FALSE,"900976849","everyone","729045819614236672","Florida, Chicago","Pastel Punk ‚ôèÔ∏è","PasteIpunk",FALSE,FALSE,"Those who destroy each other in the name of political systems are greedy, lustful men. Their power depends on many people. Deny them yours; they are powerless.","https://pbs.twimg.com/profile_images/1589709120088817664/nlsDwxnp_normal.jpg","2012-10-24T01:50:24.000Z",0,1,4,0,0,"2d1b0aee7297f004",323,98,25247,0,NA,NA,"@nich_al @MSNBC @morningmika You forgot-
Republicans created the HMO to begin with. 
They also created outsourcing jobs to foreign markets.
They also created the deregulations that led to the Wall Street crash of '08. 
If you think the Red Tide cares about regular Americans, look again."
"37",". https   ca news yahoo com red tide awakening floridas environmental woes hurt gops scott senate race 090044270 html","1055445572436615170","1055445572436615170",2018-10-25 13:06:48,"zxx",FALSE,"61768027","everyone",NA,"West Coast of Central Florida","Paul McClintock","paulmcclintock",FALSE,FALSE,"Long retired K9 LEO‚ñ†
HACKER STILL UNFOLLOWING
HUNDREDS that FOLLOW ME!
üõëüõëüõëüõëüõëüõëüõëüõëüõëüõë
TWITTER: PLEASE REFOLLOW ALL THAT FOLLOW ME!

@TWITTER SUPPORT üõë","https://pbs.twimg.com/profile_images/1572640573470687234/rf4cOXod_normal.jpg","2009-07-31T13:16:49.000Z",0,0,0,0,0,"41de88d76c42e840",18721,10680,414566,573,NA,"1616828084233158656","https://t.co/qQPrYdX098"
"38"," . https   ca news yahoo com red tide awakening floridas environmental woes hurt gops scott senate race 090044270 html. https   twitter com paulmcclintock status 1055797035008475139 photo 1","1055797035008475139","1055797035008475139",2018-10-26 12:23:23,"zxx",FALSE,"61768027","everyone",NA,"West Coast of Central Florida","Paul McClintock","paulmcclintock",FALSE,FALSE,"Long retired K9 LEO‚ñ†
HACKER STILL UNFOLLOWING
HUNDREDS that FOLLOW ME!
üõëüõëüõëüõëüõëüõëüõëüõëüõëüõë
TWITTER: PLEASE REFOLLOW ALL THAT FOLLOW ME!

@TWITTER SUPPORT üõë","https://pbs.twimg.com/profile_images/1572640573470687234/rf4cOXod_normal.jpg","2009-07-31T13:16:49.000Z",1,0,1,0,0,"41de88d76c42e840",18721,10680,414566,573,NA,"1616828084233158656","https://t.co/qQPrYdX098 https://t.co/5WyjlZXDi7"
"39"," . https   ca news yahoo com red tide awakening floridas environmental woes hurt gops scott senate race 090044270 html. https   twitter com paulmcclintock status 1055798986974617607 photo 1","1055798986974617607","1055798986974617607",2018-10-26 12:31:08,"zxx",FALSE,"61768027","everyone",NA,"West Coast of Central Florida","Paul McClintock","paulmcclintock",FALSE,FALSE,"Long retired K9 LEO‚ñ†
HACKER STILL UNFOLLOWING
HUNDREDS that FOLLOW ME!
üõëüõëüõëüõëüõëüõëüõëüõëüõëüõë
TWITTER: PLEASE REFOLLOW ALL THAT FOLLOW ME!

@TWITTER SUPPORT üõë","https://pbs.twimg.com/profile_images/1572640573470687234/rf4cOXod_normal.jpg","2009-07-31T13:16:49.000Z",0,0,0,0,0,"41de88d76c42e840",18721,10680,414566,573,NA,"1616828084233158656","https://t.co/qQPrYdX098 https://t.co/wLmeA7VvvD"
"40","To all who jumped off the #TrumpTrain and changed from the Red Tide to the #BlueWave we thank you and welcome you. Thank you for putting country before party. You are all true patriots and heroes.  #GOPvotingBlue. ","1058536260711694336","1058536260711694336",2018-11-03 01:48:05,"en",FALSE,"65114198","everyone",NA,"Tampa Bay, Florida","Cher #JewishBalloon Tushiah","thegoddesscher",FALSE,FALSE,"Fairy Grandmotherüè≥Ô∏è‚Äçüåà|Displaced NY'er|Retired Nurse|Cranky Old Jewess|Queen from Queens|Hot Mess|Resistor|She/Herüíéüôåü¶ç","https://pbs.twimg.com/profile_images/1575991686186024962/b2USEppg_normal.jpg","2009-08-12T18:23:59.000Z",1,0,7,0,0,"013ce98f16d55033",2970,2844,54277,46,NA,"1540395398031986688","To all who jumped off the #TrumpTrain and changed from the Red Tide to the #BlueWave we thank you and welcome you. Thank you for putting country before party. You are all true patriots and heroes.  #GOPvotingBlue"
"41"," . https   www washingtonpost com news powerpost paloma the energy 202 2018 10 31 the energy 202 why some florida voters associate rick scott with toxic algae 5bd8e6be1b326b37e00b5a30. https   twitter com paulmcclintock status 1058850849370333185 photo 1","1058850849370333185","1058850849370333185",2018-11-03 22:38:09,"zxx",FALSE,"61768027","everyone",NA,"West Coast of Central Florida","Paul McClintock","paulmcclintock",FALSE,FALSE,"Long retired K9 LEO‚ñ†
HACKER STILL UNFOLLOWING
HUNDREDS that FOLLOW ME!
üõëüõëüõëüõëüõëüõëüõëüõëüõëüõë
TWITTER: PLEASE REFOLLOW ALL THAT FOLLOW ME!

@TWITTER SUPPORT üõë","https://pbs.twimg.com/profile_images/1572640573470687234/rf4cOXod_normal.jpg","2009-07-31T13:16:49.000Z",0,0,0,0,0,"41de88d76c42e840",18721,10680,414566,573,NA,"1616828084233158656","https://t.co/iw2wCjAeKB https://t.co/59f3R3vbS9"
"42","Andrew Gillum talks about healthcare and medicaid expansion. Andrew Gillum talks about toxic algae--he calls it Guacamole.  #amjoy. ","1059099535144861696","1059099535144861696",2018-11-04 15:06:20,"en",FALSE,"167737381","everyone",NA,"Florida","Thee Jocelyn Dee üíõ üíõ","jocelyn528",FALSE,FALSE,"Jocelyn came through, y'all

New York girl in a Tampa Bay world. Can't live without Twitter, Broadway, or Crochet.  #kamala202X 
Spouting as JayDee","https://pbs.twimg.com/profile_images/1361760853461241858/I_WVSbUh_normal.jpg","2010-07-17T10:50:03.000Z",0,0,0,0,0,"0003df7b402165e0",1789,1521,66507,57,NA,NA,"Andrew Gillum talks about healthcare and medicaid expansion. Andrew Gillum talks about toxic algae--he calls it Guacamole.  #amjoy"
"43","@Womenspeakup @DanRather @gdub1972 That video made me SO üò°. Then the facts of Republicans investing in voting machines along with Ivanka getting trademarks in China on new ones? There's a reason #RedTide smells fishy.. ","1061104414277226497","1060931832718323712",2018-11-10 03:53:01,"en",FALSE,"900976849","everyone","511167564","Florida, Chicago","Pastel Punk ‚ôèÔ∏è","PasteIpunk",FALSE,FALSE,"Those who destroy each other in the name of political systems are greedy, lustful men. Their power depends on many people. Deny them yours; they are powerless.","https://pbs.twimg.com/profile_images/1589709120088817664/nlsDwxnp_normal.jpg","2012-10-24T01:50:24.000Z",0,0,4,0,0,"2d1b0aee7297f004",323,98,25247,0,NA,NA,"@Womenspeakup @DanRather @gdub1972 That video made me SO üò°. Then the facts of Republicans investing in voting machines along with Ivanka getting trademarks in China on new ones? There's a reason #RedTide smells fishy."
"44","@diamondsnjeans @lakan_katapatan @PalmerReport Maybe it's the Red Tide.. ","1062835787409047552","1062749257701167104",2018-11-14 22:32:52,"en",FALSE,"900976849","everyone","165172558","Florida, Chicago","Pastel Punk ‚ôèÔ∏è","PasteIpunk",FALSE,FALSE,"Those who destroy each other in the name of political systems are greedy, lustful men. Their power depends on many people. Deny them yours; they are powerless.","https://pbs.twimg.com/profile_images/1589709120088817664/nlsDwxnp_normal.jpg","2012-10-24T01:50:24.000Z",0,1,1,0,0,"2d1b0aee7297f004",323,98,25247,0,NA,NA,"@diamondsnjeans @lakan_katapatan @PalmerReport Maybe it's the Red Tide."
"45","It's a great day for a fish release! @DukeEnergy donated 16,000+ redfish that will be released on the west coast of #FL in the coming weeks following recent #redtide occurrence. Today's the 1st in #Pasco County. Thanks to partnership with @CCANational @MyFWClife! . https   twitter com DE_PeveetaP status 1092805811523465216 photo 1","1092805811523465216","1092805811523465216",2019-02-05 15:23:03,"en",FALSE,"710136819480788992","everyone",NA,"Florida, USA","Peveeta Samuel","Peveeta_FL",FALSE,FALSE,"Corporate giving manager for @DukeEnergy in Florida. @UCF #AlumKnight & @UFMBA student. All tweets are my own.","https://pbs.twimg.com/profile_images/1445479762437173248/eToQVdKc_normal.jpg","2016-03-16T16:13:06.000Z",3,0,8,2,0,"07d9ed1f05088001",933,405,2423,16,"https://t.co/7lwlJGdoGH",NA,"It's a great day for a fish release! @DukeEnergy donated 16,000+ redfish that will be released on the west coast of #FL in the coming weeks following recent #redtide occurrence. Today's the 1st in #Pasco County. Thanks to partnership with @CCANational @MyFWClife! https://t.co/b2wmP7ChQG"
"46","There was great community support at the first fish release today! We're honored to donate 16,000+ redfish to help with recovery in red tide coastal counties with @CCANational &amp; @MyFWClife . https   twitter com DE_PeveetaP status 1092894349191512064 photo 1","1092894349191512064","1092894349191512064",2019-02-05 21:14:52,"en",FALSE,"710136819480788992","everyone",NA,"Florida, USA","Peveeta Samuel","Peveeta_FL",FALSE,FALSE,"Corporate giving manager for @DukeEnergy in Florida. @UCF #AlumKnight & @UFMBA student. All tweets are my own.","https://pbs.twimg.com/profile_images/1445479762437173248/eToQVdKc_normal.jpg","2016-03-16T16:13:06.000Z",2,2,4,4,0,"07d9ed1f05088001",933,405,2423,16,"https://t.co/7lwlJGdoGH",NA,"There was great community support at the first fish release today! We're honored to donate 16,000+ redfish to help with recovery in red tide coastal counties with @CCANational &amp; @MyFWClife https://t.co/qqnzPTW8XJ"
"47","Hit them with 5 1/4‚Äù tines and a @FloratineFoliar soil app today. We‚Äôre barely watering them and still seeing some algae in areas. Trying to get some air flow and gas exchange but not too bad for 20 year old pushups. @joshwaring1977 @TrigonTurf . https   twitter com JeremyM0314 status 1092974467146530816 photo 1","1092974467146530816","1092974467146530816",2019-02-06 02:33:14,"en",FALSE,"362386805","everyone",NA,"Florida, USA","Jeremy Martin","JeremyM0314",FALSE,FALSE,"Operations Manager @ SYTE Land Management","https://pbs.twimg.com/profile_images/1388987334377582594/r2-KrLGj_normal.jpg","2011-08-26T09:32:03.000Z",3,0,14,0,0,"01512cee0fd2f281",201,570,318,0,NA,NA,"Hit them with 5 1/4‚Äù tines and a @FloratineFoliar soil app today. We‚Äôre barely watering them and still seeing some algae in areas. Trying to get some air flow and gas exchange but not too bad for 20 year old pushups. @joshwaring1977 @TrigonTurf https://t.co/MkcREhoQer"
"48","@DE_PeveetaP @CCANational @MyFWClife great job any way we can get some of those over here in the Indian River Lagoon in Stuart? Please. ","1093145436330909696","1092894349191512064",2019-02-06 13:52:36,"en",FALSE,"1287238424","everyone","710136819480788992","Fla","Michel","PelotaDawg",FALSE,FALSE,"""Fires will be kindled to testify that two and two make four. Swords will be drawn to prove that leaves are green in summer
Question Everything
#PelotariForever","https://pbs.twimg.com/profile_images/1593423609967566848/-VMxqEK__normal.jpg","2013-03-21T23:32:36.000Z",0,0,0,0,0,NA,566,1656,31997,21,NA,"1565029336968749056","@DE_PeveetaP @CCANational @MyFWClife great job any way we can get some of those over here in the Indian River Lagoon in Stuart? Please"
"49","@DE_PeveetaP @CCANational @MyFWClife Can‚Äôt wait for the next release at Ft DeSoto tomorrow! What beautiful fish!. ","1093323245825257473","1092894349191512064",2019-02-07 01:39:09,"en",FALSE,"2634393233","everyone","710136819480788992","Ocala, FL","Margaret Spontak","SpontakSpontak",FALSE,FALSE,"Leader of Free the Ocklawaha River Coalition for Everyone. Outdoors lover. Non-profit consultant.","https://pbs.twimg.com/profile_images/929882413458690048/eFHMzl0C_normal.jpg","2014-06-23T12:25:28.000Z",0,0,1,0,0,NA,351,459,770,4,"https://t.co/HO6ObaLQW2",NA,"@DE_PeveetaP @CCANational @MyFWClife Can‚Äôt wait for the next release at Ft DeSoto tomorrow! What beautiful fish!"
"50","@UdnSpeak4me I wouldn't trust anything that Red Tide Rick has to say. Scum.. ","1095848018312601600","1095846501194985473",2019-02-14 00:51:42,"en",FALSE,"826289589597982721","everyone","1918976288","Florida, USA","Janice Dominic üåäüåäüåä‚ùÑ‚ùÑ","oldtiredfeminis",FALSE,FALSE,"#Resist #FBR #supermajority Old  feminist, chef & bookworm. Addicted to üÜòÔ∏è news, facts and Liberal as Fuck. #Metoo #PRU NRA rating Fx #SWATT","https://pbs.twimg.com/profile_images/1207743121553006593/_JY3zw_r_normal.jpg","2017-01-31T04:42:44.000Z",0,0,2,0,0,"2d1b0aee7297f004",29424,28837,18042,13,NA,NA,"@UdnSpeak4me I wouldn't trust anything that Red Tide Rick has to say. Scum."
"51","@Dev0ra @KassandraSeven I dunno. They voted for red tide Rick for governor twice, then sent him to the Senate. Shooting self in foot. Not too keen on lessons learned.. ","1096034765009010688","1096028679099088896",2019-02-14 13:13:45,"en",FALSE,"826289589597982721","everyone","15266000","Florida, USA","Janice Dominic üåäüåäüåä‚ùÑ‚ùÑ","oldtiredfeminis",FALSE,FALSE,"#Resist #FBR #supermajority Old  feminist, chef & bookworm. Addicted to üÜòÔ∏è news, facts and Liberal as Fuck. #Metoo #PRU NRA rating Fx #SWATT","https://pbs.twimg.com/profile_images/1207743121553006593/_JY3zw_r_normal.jpg","2017-01-31T04:42:44.000Z",0,0,0,0,0,"2d1b0aee7297f004",29424,28837,18042,13,NA,NA,"@Dev0ra @KassandraSeven I dunno. They voted for red tide Rick for governor twice, then sent him to the Senate. Shooting self in foot. Not too keen on lessons learned."
"52","@IndivisibleInFL @RonDeSantisFL @SenRickScott Well, in all fairness our dumb ass rednecks are used to being exploited by Red Tide Rick. So being exploited by Amazon isn't a big reach.. ","1099084117860409345","1099075541473394688",2019-02-22 23:10:48,"en",FALSE,"826289589597982721","everyone","827901076384911362","Florida, USA","Janice Dominic üåäüåäüåä‚ùÑ‚ùÑ","oldtiredfeminis",FALSE,FALSE,"#Resist #FBR #supermajority Old  feminist, chef & bookworm. Addicted to üÜòÔ∏è news, facts and Liberal as Fuck. #Metoo #PRU NRA rating Fx #SWATT","https://pbs.twimg.com/profile_images/1207743121553006593/_JY3zw_r_normal.jpg","2017-01-31T04:42:44.000Z",0,1,1,0,0,"2d1b0aee7297f004",29424,28837,18042,13,NA,NA,"@IndivisibleInFL @RonDeSantisFL @SenRickScott Well, in all fairness our dumb ass rednecks are used to being exploited by Red Tide Rick. So being exploited by Amazon isn't a big reach."
"53","The red tide! . ","1171580312255705090","1171580312255705090",2019-09-11 00:24:48,"en",FALSE,"3296039808","everyone",NA,"Tampa, FL","Conservativeguy","MannoiaChris",FALSE,FALSE,"Originally from New York City; Disabled Combat veteran, Constitutional conservative, and PROUD Trump supporter! Trump 2024!","https://pbs.twimg.com/profile_images/873227745588908032/dzfv7mBN_normal.jpg","2015-07-26T20:49:27.000Z",0,0,0,0,0,"f385a5dfa0c1d8ca",4395,5084,89729,40,NA,NA,"The red tide! https://t.co/CUZPrbhBXp"
"54","@MistressMelee At least your here before the red tide starts ü§¢. ","1238178702434893825","1237980096247541760",2020-03-12 19:03:01,"en",FALSE,"1141169843028316163","everyone","1065037434625363968",NA,"WhereJoeGoes","WhereJoeGoes1",FALSE,FALSE,"My hope is that my art will be an inspiration to others to travel, experience nature, and get out of your comfort zone.","https://pbs.twimg.com/profile_images/1141169993348014083/BLle4_zG_normal.jpg","2019-06-19T02:24:27.000Z",0,0,0,0,0,"8c1a061c37aea043",276,243,3776,1,"https://t.co/j5HbExoc0i",NA,"@MistressMelee At least your here before the red tide starts ü§¢"
"55","Can‚Äôt believe that the algae/moss will grow on a yo and everything here in #florida . #powerwashing #cleanup #poolscreenrooms #krudkutter @ Pasco, Florida . https   www instagram com p CDy5zeEgOBcTI19nzoVVlQ9vqbRcRvc_S00LPU0","1293579705325584392","1293579705325584392",2020-08-12 16:06:49,"en",FALSE,"616661209","everyone",NA,"California, USA","Falcon M.","Falcon__Mac",FALSE,FALSE,"Part time Coach/Partner, full time Dad, Veteran. Athletics/Jendro Softball, Ausi00 Jesse00. MVHS Vball Cole26 Follow @Austin85053961 ** Matthew 5:9 üá∫üá∏üá¨üáßüá®üá∫","https://pbs.twimg.com/profile_images/1245350803931459591/trDF6Rxv_normal.jpg","2012-06-24T01:56:31.000Z",0,0,0,0,0,"4ec01c9dbc693497",157,875,8245,28,"https://t.co/v6IRS2z41y",NA,"Can‚Äôt believe that the algae/moss will grow on a yo and everything here in #florida . #powerwashing #cleanup #poolscreenrooms #krudkutter @ Pasco, Florida https://t.co/leamNzY3M6"
"56","I was just at the beach. Can confirm there is no red tide. . https   twitter com realDonaldTrump status 1317496034034057216","1317522719399907330","1317522719399907330",2020-10-17 17:47:49,"en",FALSE,"15757017","everyone",NA,"Asheville, NC","Jack Whidden","JackWhidden3",FALSE,FALSE,"Contenting for @AshevilleCitySC. Coffee snob, FAU graduate, Aston Villa obsessed. TPA ‚û° AVL","https://pbs.twimg.com/profile_images/1515491660024762371/UteQjS1M_normal.jpg","2008-08-06T23:58:54.000Z",0,3,17,0,0,"0003df7b402165e0",2073,1769,41393,26,"https://t.co/XHXXq7SDFC","1450474104881025035","I was just at the beach. Can confirm there is no red tide. https://t.co/bysK8q9cOg"
"57","@JackWhidden3 I see Emperor Ego picked Bama tonight. ","1317523349573087233","1317522719399907330",2020-10-17 17:50:19,"en",FALSE,"1567163551","everyone","15757017","St Petersburg, FL","Carl Zee","c350Zee",FALSE,FALSE,"USF alumni from a Northwestern family. Rowdies, Bolts, Bears. Beware of politics; opinions & related tweets into the void are my own. He/Him","https://pbs.twimg.com/profile_images/1408969179642933248/k5mWPM0B_normal.jpg","2013-07-04T02:32:09.000Z",0,0,0,0,0,NA,381,659,34379,3,NA,"1521808846347554816","@JackWhidden3 I see Emperor Ego picked Bama tonight"
"58","@JackWhidden3 Roll tide. ","1317524879038730247","1317522719399907330",2020-10-17 17:56:24,"sv",FALSE,"777682319863910400","everyone","15757017",NA,"Tanner Spearman","tannerspearman",FALSE,FALSE,"Christian | Sports Editor, @GvilleRegister | Louisiana Tech '18 | Oklahoma State '20 | @OColly alum | Sorry for the wrestling tweets","https://pbs.twimg.com/profile_images/1548882479813206016/t8mS0l7Y_normal.jpg","2016-09-19T01:34:48.000Z",0,0,0,0,0,NA,1133,1101,150764,12,"https://t.co/ZPMmKCC7uv",NA,"@JackWhidden3 Roll tide"
"59","@JackWhidden3 Was gonna say, what about Crimson Tide?. ","1317526734607089664","1317522719399907330",2020-10-17 18:03:46,"en",FALSE,"2956188293","everyone","15757017",NA,"The Post-Inflation Economy","GielinorCapital",FALSE,FALSE,"Literally just spend less money. Do it. However you can do it.","https://pbs.twimg.com/profile_images/1269369918287499266/VRHg3wL5_normal.jpg","2015-01-02T06:58:36.000Z",0,0,0,0,0,NA,78,418,3136,0,"https://t.co/mDep2aJfRj",NA,"@JackWhidden3 Was gonna say, what about Crimson Tide?"
"60","Mangroves reduce erosion &amp; improve water quality by absorbing nutrients from stormwater runoff that can cause harmful algae blooms offshore. Reduce pollution by never putting chemicals into storm drains. Info from Pasco County Public Works.  #KeepPascoWatersBeautiful . https   twitter com KeepPascoBu2ful status 1340087917214130178 photo 1","1340087917214130178","1340087917214130178",2020-12-19 00:13:51,"en",FALSE,"3170646208","everyone",NA,"Pasco County, FL","KeepPascoBeautiful","KeepPascoBu2ful",FALSE,FALSE,"To promote better methods to reduce litter and waste, to recycle, and to landscape and beautify our neighborhoods.","https://pbs.twimg.com/profile_images/588433551047049217/vldPsy1j_normal.jpg","2015-04-15T17:03:55.000Z",0,0,0,0,0,"79dc2655046fbc40",609,482,1486,17,"https://t.co/Lp6Es4MEqT",NA,"Mangroves reduce erosion &amp; improve water quality by absorbing nutrients from stormwater runoff that can cause harmful algae blooms offshore. Reduce pollution by never putting chemicals into storm drains. Info from Pasco County Public Works.  #KeepPascoWatersBeautiful https://t.co/8KVTW0QOn9"
"61","@iammattcote I am seeing so much red right now it‚Äôs crazy. Fertilizers, sugar, guns &amp; mining run the GOP. Algae bloom &amp; red tide will kill the fish, beaches &amp; tourists. DeSantis too busy telling businesses what they can‚Äôt do to keep own customers safe during a pandemic to notice.. ","1378816818291310594","1378797660182827011",2021-04-04 21:08:41,"en",FALSE,"736302092973932545","everyone","736302092973932545","San Antonio, FL","DJ Verhoest","SportsandRving",FALSE,FALSE,"(Diane) Sports & Entertainment Acct. Born New England. Ret teacher to FL. Orlando Pride, NWSL, USWNT, BC Eagles, TBLightning! NonSports acct: @lfsgd_diane","https://pbs.twimg.com/profile_images/1467974901575430145/keALqqjl_normal.jpg","2016-05-27T21:04:33.000Z",0,0,0,0,0,"0078551d41f411af",470,1419,27905,13,NA,NA,"@iammattcote I am seeing so much red right now it‚Äôs crazy. Fertilizers, sugar, guns &amp; mining run the GOP. Algae bloom &amp; red tide will kill the fish, beaches &amp; tourists. DeSantis too busy telling businesses what they can‚Äôt do to keep own customers safe during a pandemic to notice."
"62","Ocean fires, red tide, algae bloom, Piney Point‚Ä¶ How‚Äôs the Florida fish @marcorubio @SenRickScott? #EyesWideOpen . https   twitter com EoinHiggins_ status 1411075158006284290","1411352153466212360","1411352153466212360",2021-07-03 15:52:29,"en",FALSE,"1045136112","everyone",NA,"San Antonio, Fl","Diane Verhoest","lfsgd_diane",FALSE,FALSE,"Retired Teacher. FL via NH via MA. Equality Advocate since '68. Not stopping now. Pass the damn ERA! My Sports & entertainment Acct: @SportsandRving","https://pbs.twimg.com/profile_images/1570914858442309640/CHcBIOgg_normal.jpg","2012-12-29T15:16:02.000Z",0,0,0,1,0,"0078551d41f411af",2130,4627,156474,96,NA,"1144261559142748160","Ocean fires, red tide, algae bloom, Piney Point‚Ä¶ How‚Äôs the Florida fish @marcorubio @SenRickScott? #EyesWideOpen https://t.co/A0jgT7VkEI"
"63","No Red Tide relief in sight as dead fish overwhelm St. Petersburg, #Florida 
 . https   news wjct org state news 2021 07 15 no red tide relief in sight as dead fish overwhelm st petersburg 13","1415898476056092681","1415898476056092681",2021-07-16 04:57:57,"en",FALSE,"790577978","everyone",NA,"Florida, USA","John Poindexter üá∫üá∏ & üá∫üá¶","johnhpoindexter",FALSE,FALSE,"Aviation Consultant ‚úàÔ∏è Aircraft Trader #Pilot FAA COMM PILOT | Proud Father, Global Traveler 60+ Countries, #NBA üèÄ fan | World üåé Events & Geopolitics","https://pbs.twimg.com/profile_images/1581651799785750529/8NqYHf3J_normal.jpg","2012-08-30T01:50:13.000Z",0,0,0,0,0,"01b3cd14363fbf47",9622,10587,20998,81,"https://t.co/9ILemubG5z","1301355723847282690","No Red Tide relief in sight as dead fish overwhelm St. Petersburg, #Florida 
 https://t.co/mo6mkzUwy1"
"64","No Florida border. Red tide, Covid kills at home. Oh. Florida taxpayer $? #DeSantisPhotoOp . https   twitter com GovRonDeSantis status 1416563871670734849","1416814289038479367","1416814289038479367",2021-07-18 17:37:04,"en",FALSE,"1045136112","everyone",NA,"San Antonio, Fl","Diane Verhoest","lfsgd_diane",FALSE,FALSE,"Retired Teacher. FL via NH via MA. Equality Advocate since '68. Not stopping now. Pass the damn ERA! My Sports & entertainment Acct: @SportsandRving","https://pbs.twimg.com/profile_images/1570914858442309640/CHcBIOgg_normal.jpg","2012-12-29T15:16:02.000Z",0,0,0,0,0,"0078551d41f411af",2130,4627,156474,96,NA,"1144261559142748160","No Florida border. Red tide, Covid kills at home. Oh. Florida taxpayer $? #DeSantisPhotoOp https://t.co/LPVXRbwnYn"
"65","Send Abbott the bill for your trip &amp; Florida services. Florida taxpayers busy w/ red tide, Covid surge, bldgs falling, algae bloom. #Texas #FloridA . https   twitter com GovRonDeSantis status 1416549919981244419","1416880857340653573","1416880857340653573",2021-07-18 22:01:35,"en",FALSE,"1045136112","everyone",NA,"San Antonio, Fl","Diane Verhoest","lfsgd_diane",FALSE,FALSE,"Retired Teacher. FL via NH via MA. Equality Advocate since '68. Not stopping now. Pass the damn ERA! My Sports & entertainment Acct: @SportsandRving","https://pbs.twimg.com/profile_images/1570914858442309640/CHcBIOgg_normal.jpg","2012-12-29T15:16:02.000Z",0,0,0,0,0,"0078551d41f411af",2130,4627,156474,96,NA,"1144261559142748160","Send Abbott the bill for your trip &amp; Florida services. Florida taxpayers busy w/ red tide, Covid surge, bldgs falling, algae bloom. #Texas #FloridA https://t.co/OHaalD5G0X"
"66","Like Ignore Red tide, algae bloom, Covid surges, fish kills, fertilizer plant leaks, school &amp; night club shootings, but tell businesses what they CAN‚ÄôT do to protect customers. #FloridaFailingGovernors #FLORIDA . https   twitter com SenRickScott status 1416823451059372039","1416915153363390465","1416915153363390465",2021-07-19 00:17:52,"en",FALSE,"1045136112","everyone",NA,"San Antonio, Fl","Diane Verhoest","lfsgd_diane",FALSE,FALSE,"Retired Teacher. FL via NH via MA. Equality Advocate since '68. Not stopping now. Pass the damn ERA! My Sports & entertainment Acct: @SportsandRving","https://pbs.twimg.com/profile_images/1570914858442309640/CHcBIOgg_normal.jpg","2012-12-29T15:16:02.000Z",1,0,1,0,0,"0078551d41f411af",2130,4627,156474,96,NA,"1144261559142748160","Like Ignore Red tide, algae bloom, Covid surges, fish kills, fertilizer plant leaks, school &amp; night club shootings, but tell businesses what they CAN‚ÄôT do to protect customers. #FloridaFailingGovernors #FLORIDA https://t.co/YxgSomKDRy"
"67","@DavidJollyFL Florida is red in lots of ways. Red tide included. So why in Utah.. ","1420615238123200513","1420527224881651712",2021-07-29 05:20:41,"en",FALSE,"1045136112","everyone","2178681566","San Antonio, Fl","Diane Verhoest","lfsgd_diane",FALSE,FALSE,"Retired Teacher. FL via NH via MA. Equality Advocate since '68. Not stopping now. Pass the damn ERA! My Sports & entertainment Acct: @SportsandRving","https://pbs.twimg.com/profile_images/1570914858442309640/CHcBIOgg_normal.jpg","2012-12-29T15:16:02.000Z",0,0,0,0,0,"0078551d41f411af",2130,4627,156474,96,NA,"1144261559142748160","@DavidJollyFL Florida is red in lots of ways. Red tide included. So why in Utah."
"68","@CatByDesign Brevis, the single-celled organism that triggers red tide and harms sea life and humans. The algae produces a neurotoxin that, in large quantities, triggers 'fish kills' by depriving the water of necessary oxygen.. ","1420887079031119872","1420591583926312961",2021-07-29 23:20:53,"en",FALSE,"1190778635332009984","everyone","1275667582083829760","#FascistFloriduh","Gregory Thomas","gregdemarco1964",FALSE,FALSE,"vigilant doubter","https://pbs.twimg.com/profile_images/1190779182466445312/GKCFzApx_normal.jpg","2019-11-02T23:52:24.000Z",2,1,2,1,0,"0190556f56729d0c",2002,5007,70402,6,NA,NA,"@CatByDesign Brevis, the single-celled organism that triggers red tide and harms sea life and humans. The algae produces a neurotoxin that, in large quantities, triggers 'fish kills' by depriving the water of necessary oxygen."
"69","@FaneuilHall Shopping outlet mall in FloridaBeaches are filled with red tide dead  fish. ","1421483716447178752","1421468203058749449",2021-07-31 14:51:42,"en",FALSE,"510755849","everyone","76212176","Earth","spike","TallGuy_007",FALSE,FALSE,"2 meters X 137 Kg love music out door's (youtube channel) . https://t.co/XZGoTsuZGH $surferjo :cash app","https://pbs.twimg.com/profile_images/484370902147424257/W6mUy5si_normal.jpeg","2012-03-01T19:52:36.000Z",0,0,0,0,0,"0003df7b402165e0",563,520,80994,63,"https://t.co/16SXnstngR","1599199168807186432","@FaneuilHall Shopping outlet mall in FloridaBeaches are filled with red tide dead  fish"
"70","For fertizer questions go to Pasco Fertilizer Ordinance. No. 14-16.
Improper use of fertilizer causes pollution &amp; algae blooms in waterways. Professional companies are trained to apply fertilizer properly &amp; should be used.
Please take Pasco County's survey  . https   www surveymonkey com r SL8TNCJ. https   twitter com KeepPascoBu2ful status 1423009556196646914 photo 1","1423009556196646914","1423009556196646914",2021-08-04 19:54:51,"en",FALSE,"3170646208","everyone",NA,"Pasco County, FL","KeepPascoBeautiful","KeepPascoBu2ful",FALSE,FALSE,"To promote better methods to reduce litter and waste, to recycle, and to landscape and beautify our neighborhoods.","https://pbs.twimg.com/profile_images/588433551047049217/vldPsy1j_normal.jpg","2015-04-15T17:03:55.000Z",0,0,1,0,0,"f385a5dfa0c1d8ca",609,482,1486,17,"https://t.co/Lp6Es4MEqT",NA,"For fertizer questions go to Pasco Fertilizer Ordinance. No. 14-16.
Improper use of fertilizer causes pollution &amp; algae blooms in waterways. Professional companies are trained to apply fertilizer properly &amp; should be used.
Please take Pasco County's survey https://t.co/FRt4szY2K4 https://t.co/P9tTPMzL9W"
"71","@bblock29 #Worstgovernorever DeSantis has a platform of dead kids. Dead manatees and Red Tide.. ","1423107880773881862","1423070654014894081",2021-08-05 02:25:33,"en",FALSE,"26801457","everyone","1949789970","New Port Richey, FL","Ina Bobina","HappyNightOwl",FALSE,FALSE,"‚ù§Ô∏è‚Äôs to wander the world, believes in the wonder of nature, Florida woman (very different from Florida man). Not all who wander are lost.","https://pbs.twimg.com/profile_images/1522800177383362565/DbsdTmum_normal.jpg","2009-03-26T17:39:38.000Z",0,0,1,0,0,"00b6dd7160a5af36",277,1554,12102,6,NA,NA,"@bblock29 #Worstgovernorever DeSantis has a platform of dead kids. Dead manatees and Red Tide."
"72","@MardyKing1 Thank you!!! So happy that red tide is gone!. ","1424026955159064577","1423809811091755013",2021-08-07 15:17:37,"en",FALSE,"1472916036","everyone","569608187","Wesley Chapel, FL","Movin'itwithMichelle","MichelleMovinIt",FALSE,FALSE,"Retired Air Force MSgt, Wanna be Chef, Marathoner, Writer,  and photographer. I‚Äôd rather be at the beach-always.","https://pbs.twimg.com/profile_images/1271999192454569984/eUTV2QVu_normal.jpg","2013-05-31T19:44:32.000Z",0,0,1,0,0,"0003df7b402165e0",1469,1197,15585,48,"https://t.co/WXVb0NW5wt",NA,"@MardyKing1 Thank you!!! So happy that red tide is gone!"
"73","@Joseph_Rhea Probably red tide or some crazy new tide we haven't heard of b4 lol üôÑ. ","1426710051964833799","1426654564162412549",2021-08-15 00:59:18,"en",FALSE,"1086806768863322112","everyone","166619933","Hudson, FL","Writer Wendy Doyle Palumbo","SuperWendyWoman",FALSE,FALSE,"Writer, Spiritual Badass","https://pbs.twimg.com/profile_images/1591858760569573378/44RxH7QJ_normal.jpg","2019-01-20T02:05:00.000Z",0,0,1,0,0,"0190556f56729d0c",4939,5117,3611,39,"https://t.co/VlUPmz1X5S","1235551353432309761","@Joseph_Rhea Probably red tide or some crazy new tide we haven't heard of b4 lol üôÑ"
"74","@rwbarr01 @RemoveRon No its to promote regeneron one of his biggest supporters. Paying him with state funds he didn't understand how algae grows he damned sure don't understand herd immunity.. ","1431121932309745665","1430882591989710852",2021-08-27 05:10:32,"en",FALSE,"71126299","everyone","85586566","Florida, USA","MEET LUDICROUS","komondors",FALSE,FALSE,"Meet Ludicrous 
üòäüôãüöúüòéüá¨üáßüá∫üá∏üÜò‚ôã
#resist #voteblue 
winning is a mind set
block drama queens, bots an annoying dt supporters.","https://pbs.twimg.com/profile_images/1223292486795264001/kcaJQIYN_normal.jpg","2009-09-03T00:44:30.000Z",0,0,2,0,0,"0159c4115ad819dd",3612,4850,29631,2,NA,"1589253445642510343","@rwbarr01 @RemoveRon No its to promote regeneron one of his biggest supporters. Paying him with state funds he didn't understand how algae grows he damned sure don't understand herd immunity."
"75","Improper fertilizing harms water quality - polluting waterways and creating algae blooms. Pasco County‚Äôs fertilizer ordinance is designed to protect our waters. 
Please take the survey to share your thoughts on fertilizer use  . . https   www surveymonkey com r SL8TNCJ. https   twitter com KeepPascoBu2ful status 1437526597289054218 photo 1","1437526597289054218","1437526597289054218",2021-09-13 21:20:23,"en",FALSE,"3170646208","everyone",NA,"Pasco County, FL","KeepPascoBeautiful","KeepPascoBu2ful",FALSE,FALSE,"To promote better methods to reduce litter and waste, to recycle, and to landscape and beautify our neighborhoods.","https://pbs.twimg.com/profile_images/588433551047049217/vldPsy1j_normal.jpg","2015-04-15T17:03:55.000Z",1,2,1,0,0,"8c1a061c37aea043",609,482,1486,17,"https://t.co/Lp6Es4MEqT",NA,"Improper fertilizing harms water quality - polluting waterways and creating algae blooms. Pasco County‚Äôs fertilizer ordinance is designed to protect our waters. 
Please take the survey to share your thoughts on fertilizer use https://t.co/FRt4szY2K4 . https://t.co/kZrRsTcOrz"
"76","This link will take you to Pasco County's fertilizer ordinance . https   www pascocountyfl net DocumentCenter View 15999 Fertilizer Ordinance 14 16","1437526887887212548","1437526597289054218",2021-09-13 21:21:32,"en",FALSE,"3170646208","everyone","3170646208","Pasco County, FL","KeepPascoBeautiful","KeepPascoBu2ful",FALSE,FALSE,"To promote better methods to reduce litter and waste, to recycle, and to landscape and beautify our neighborhoods.","https://pbs.twimg.com/profile_images/588433551047049217/vldPsy1j_normal.jpg","2015-04-15T17:03:55.000Z",0,0,1,0,0,"8c1a061c37aea043",609,482,1486,17,"https://t.co/Lp6Es4MEqT",NA,"This link will take you to Pasco County's fertilizer ordinance https://t.co/mpxjzSjBlx"
"77","Here are tips to reduce your fertilizer use . https   www pascocountyfl net 2809 Reduce Fertilizer Usagehttps   www pascocountyfl net 2809 Reduce Fertilizer Usage","1437527037900640261","1437526597289054218",2021-09-13 21:22:08,"en",FALSE,"3170646208","everyone","3170646208","Pasco County, FL","KeepPascoBeautiful","KeepPascoBu2ful",FALSE,FALSE,"To promote better methods to reduce litter and waste, to recycle, and to landscape and beautify our neighborhoods.","https://pbs.twimg.com/profile_images/588433551047049217/vldPsy1j_normal.jpg","2015-04-15T17:03:55.000Z",0,0,1,0,0,"8c1a061c37aea043",609,482,1486,17,"https://t.co/Lp6Es4MEqT",NA,"Here are tips to reduce your fertilizer use https://t.co/Lt39loHT6j"
"78","@3rdWheelJordyn I read it was from a blue green algae that is eaten by crustaceans in shore. The big offshore ones never really have that.. ","1456046814738718721","1456033117920190468",2021-11-03 23:53:07,"en",FALSE,"374792308","everyone","268950254","Florida, USA","KSB","KSBruno9",FALSE,FALSE,"Texas Aggie ‚Äò93. Football, cooking, and science. AL born LA home TX Aggie IN Boiler WA-CA-FL Personal account. Follow at your own risk.","https://pbs.twimg.com/profile_images/1537632598196899843/7wlpmrZM_normal.jpg","2011-09-16T23:31:06.000Z",0,1,1,0,0,"0003df7b402165e0",749,2211,52337,33,NA,"914663334548447232","@3rdWheelJordyn I read it was from a blue green algae that is eaten by crustaceans in shore. The big offshore ones never really have that."
"79","@tommychong @coralcrf @PonyoInu @elonmusk Yes They Are Growing Coral In glass tanks In Buildings. From Little Tiny Corals they are Growing them to restore reefs 
  But we Keep Losing them thar sea Cows. 
 About 900 a Year. @codeofvets 
 We put So Much Fertilizer on our Lawns Which run into the Coastline helping Red Tide. ","1463669148765114370","1463664723656945668",2021-11-25 00:41:33,"en",FALSE,"4916069896","everyone","64857767","New Port Richey, FL","LillROY Jimi Says 12","SaysJimi",FALSE,FALSE,"Navy1981 near Azores in 80 Oct I Brought Comm. Leading to rendelshem.England Event. NJ 1963-64 on railroadTracks I met,Jimi Hendrix weTalked Greatly of UFO üëΩüê¶","https://pbs.twimg.com/profile_images/1332314278695727106/_cgUI5Iu_normal.jpg","2016-02-15T22:07:43.000Z",0,1,9,0,0,"79dc2655046fbc40",754,913,15569,2,NA,"911278327977119744","@tommychong @coralcrf @PonyoInu @elonmusk Yes They Are Growing Coral In glass tanks In Buildings. From Little Tiny Corals they are Growing them to restore reefs 
  But we Keep Losing them thar sea Cows. 
 About 900 a Year. @codeofvets 
 We put So Much Fertilizer on our Lawns Which run into the Coastline helping Red Tide"
"80","Many manatees are dying from starvation.  They thrive on seagrass, but it is disappearing due to the increase in algae blooms, fed by residential fertilizer. To learn more, go to  .   #keeppascowatersbeautiful #fertilizerawareness . https   www keeppascobeautiful org fertilizerawareness. https   twitter com KeepPascoBu2ful status 1524049868985147393 photo 1","1524049868985147393","1524049868985147393",2022-05-10 15:32:58,"en",FALSE,"3170646208","everyone",NA,"Pasco County, FL","KeepPascoBeautiful","KeepPascoBu2ful",FALSE,FALSE,"To promote better methods to reduce litter and waste, to recycle, and to landscape and beautify our neighborhoods.","https://pbs.twimg.com/profile_images/588433551047049217/vldPsy1j_normal.jpg","2015-04-15T17:03:55.000Z",0,0,0,0,0,"f385a5dfa0c1d8ca",609,482,1486,17,"https://t.co/Lp6Es4MEqT",NA,"Many manatees are dying from starvation.  They thrive on seagrass, but it is disappearing due to the increase in algae blooms, fed by residential fertilizer. To learn more, go to https://t.co/6PzQTi1HJh .   #keeppascowatersbeautiful #fertilizerawareness https://t.co/XtUVQbJ318"
"81","@CTVLethbridge Can't just say they lost you have to say they ""narrowly lost,"" even if it was a ripple red tide it was tiny enough to boot Nancy Pelosi out of that seat.. ","1593265225192595456","1593264802729705472",2022-11-17 15:30:05,"en",FALSE,"44873670","everyone","152004319","Florida, USA","üå¥∆ë‚Ñìorida  ç‡πèxi üçä‚òÄÔ∏èüå∫","Moxi_Mimi",FALSE,FALSE,"DAR Daughter üá∫üá≤ 
üìúGenealogy researcher 
üì∑ photography 
Artistüé®

You don‚Äôt walk away from a failed coup
but they succeeded.","https://pbs.twimg.com/profile_images/1606380696125276160/CTxWiQJw_normal.jpg","2009-06-05T11:40:32.000Z",0,0,0,0,0,"2d1b0aee7297f004",1077,137,60711,5,NA,NA,"@CTVLethbridge Can't just say they lost you have to say they ""narrowly lost,"" even if it was a ripple red tide it was tiny enough to boot Nancy Pelosi out of that seat."
